character,slot,targetCharacter,targetSize,targetDistance,targetMode,approach,horizontalSpeed,pressPhase,attackerPackageHash,attackerCookedContentHash,targetPackageHash,targetCookedContentHash,startPressOffset,endPressOffset,successfulPressTicks,boundaryClipped
bonk,air.1,kistu,large,0.75,stationary,oblique,running,rising,c31ec969f28e2a99e41669e10c981ae2c652bbeea7e47de7d4ecf66546922da1,af0719f34f072d28b61615627979d81444003c58089eeb8e7c6d7f7533acbc4f,fa55982d486e030d74a495895b3b72699680abad4e783454712ae1f8bb179b38,a85422b84a369233fc1f84dfb53410c264bc31e0ef39a7a3e7c5470a213cf010,13,16,4,True
bonk,air.1,kistu,large,0.75,stationary,straight,running,rising,c31ec969f28e2a99e41669e10c981ae2c652bbeea7e47de7d4ecf66546922da1,af0719f34f072d28b61615627979d81444003c58089eeb8e7c6d7f7533acbc4f,fa55982d486e030d74a495895b3b72699680abad4e783454712ae1f8bb179b38,a85422b84a369233fc1f84dfb53410c264bc31e0ef39a7a3e7c5470a213cf010,13,16,4,True
bonk,air.1,kistu,large,1.25,stationary,oblique,low,rising,c31ec969f28e2a99e41669e10c981ae2c652bbeea7e47de7d4ecf66546922da1,af0719f34f072d28b61615627979d81444003c58089eeb8e7c6d7f7533acbc4f,fa55982d486e030d74a495895b3b72699680abad4e783454712ae1f8bb179b38,a85422b84a369233fc1f84dfb53410c264bc31e0ef39a7a3e7c5470a213cf010,13,16,4,True
bonk,air.1,kistu,large,1.25,stationary,oblique,running,rising,c31ec969f28e2a99e41669e10c981ae2c652bbeea7e47de7d4ecf66546922da1,af0719f34f072d28b61615627979d81444003c58089eeb8e7c6d7f7533acbc4f,fa55982d486e030d74a495895b3b72699680abad4e783454712ae1f8bb179b38,a85422b84a369233fc1f84dfb53410c264bc31e0ef39a7a3e7c5470a213cf010,13,16,4,True
bonk,air.1,kistu,large,1.25,stationary,straight,low,rising,c31ec969f28e2a99e41669e10c981ae2c652bbeea7e47de7d4ecf66546922da1,af0719f34f072d28b61615627979d81444003c58089eeb8e7c6d7f7533acbc4f,fa55982d486e030d74a495895b3b72699680abad4e783454712ae1f8bb179b38,a85422b84a369233fc1f84dfb53410c264bc31e0ef39a7a3e7c5470a213cf010,13,16,4,True
bonk,air.1,kistu,large,1.25,stationary,straight,running,rising,c31ec969f28e2a99e41669e10c981ae2c652bbeea7e47de7d4ecf66546922da1,af0719f34f072d28b61615627979d81444003c58089eeb8e7c6d7f7533acbc4f,fa55982d486e030d74a495895b3b72699680abad4e783454712ae1f8bb179b38,a85422b84a369233fc1f84dfb53410c264bc31e0ef39a7a3e7c5470a213cf010,13,16,4,True
bonk,air.1,kistu,large,1.75,stationary,oblique,low,rising,c31ec969f28e2a99e41669e10c981ae2c652bbeea7e47de7d4ecf66546922da1,af0719f34f072d28b61615627979d81444003c58089eeb8e7c6d7f7533acbc4f,fa55982d486e030d74a495895b3b72699680abad4e783454712ae1f8bb179b38,a85422b84a369233fc1f84dfb53410c264bc31e0ef39a7a3e7c5470a213cf010,12,16,5,True
bonk,air.1,kistu,large,1.75,stationary,oblique,running,rising,c31ec969f28e2a99e41669e10c981ae2c652bbeea7e47de7d4ecf66546922da1,af0719f34f072d28b61615627979d81444003c58089eeb8e7c6d7f7533acbc4f,fa55982d486e030d74a495895b3b72699680abad4e783454712ae1f8bb179b38,a85422b84a369233fc1f84dfb53410c264bc31e0ef39a7a3e7c5470a213cf010,13,16,4,True
bonk,air.1,kistu,large,1.75,stationary,straight,low,rising,c31ec969f28e2a99e41669e10c981ae2c652bbeea7e47de7d4ecf66546922da1,af0719f34f072d28b61615627979d81444003c58089eeb8e7c6d7f7533acbc4f,fa55982d486e030d74a495895b3b72699680abad4e783454712ae1f8bb179b38,a85422b84a369233fc1f84dfb53410c264bc31e0ef39a7a3e7c5470a213cf010,12,16,5,True
bonk,air.1,kistu,large,1.75,stationary,straight,running,rising,c31ec969f28e2a99e41669e10c981ae2c652bbeea7e47de7d4ecf66546922da1,af0719f34f072d28b61615627979d81444003c58089eeb8e7c6d7f7533acbc4f,fa55982d486e030d74a495895b3b72699680abad4e783454712ae1f8bb179b38,a85422b84a369233fc1f84dfb53410c264bc31e0ef39a7a3e7c5470a213cf010,13,16,4,True
bonk,air.1,kistu,large,2.25,stationary,oblique,low,rising,c31ec969f28e2a99e41669e10c981ae2c652bbeea7e47de7d4ecf66546922da1,af0719f34f072d28b61615627979d81444003c58089eeb8e7c6d7f7533acbc4f,fa55982d486e030d74a495895b3b72699680abad4e783454712ae1f8bb179b38,a85422b84a369233fc1f84dfb53410c264bc31e0ef39a7a3e7c5470a213cf010,12,16,5,True
bonk,air.1,kistu,large,2.25,stationary,oblique,running,rising,c31ec969f28e2a99e41669e10c981ae2c652bbeea7e47de7d4ecf66546922da1,af0719f34f072d28b61615627979d81444003c58089eeb8e7c6d7f7533acbc4f,fa55982d486e030d74a495895b3b72699680abad4e783454712ae1f8bb179b38,a85422b84a369233fc1f84dfb53410c264bc31e0ef39a7a3e7c5470a213cf010,13,16,4,True
bonk,air.1,kistu,large,2.25,stationary,straight,low,rising,c31ec969f28e2a99e41669e10c981ae2c652bbeea7e47de7d4ecf66546922da1,af0719f34f072d28b61615627979d81444003c58089eeb8e7c6d7f7533acbc4f,fa55982d486e030d74a495895b3b72699680abad4e783454712ae1f8bb179b38,a85422b84a369233fc1f84dfb53410c264bc31e0ef39a7a3e7c5470a213cf010,12,16,5,True
bonk,air.1,kistu,large,2.25,stationary,straight,running,rising,c31ec969f28e2a99e41669e10c981ae2c652bbeea7e47de7d4ecf66546922da1,af0719f34f072d28b61615627979d81444003c58089eeb8e7c6d7f7533acbc4f,fa55982d486e030d74a495895b3b72699680abad4e783454712ae1f8bb179b38,a85422b84a369233fc1f84dfb53410c264bc31e0ef39a7a3e7c5470a213cf010,13,16,4,True
bonk,air.1,manki,small,0.75,stationary,oblique,running,rising,c31ec969f28e2a99e41669e10c981ae2c652bbeea7e47de7d4ecf66546922da1,af0719f34f072d28b61615627979d81444003c58089eeb8e7c6d7f7533acbc4f,234b9cb6c244f8debee3dcf5e40b87d2afb3f58148f55122d37f104a10a6374a,1fe4b08ebcd07312a181db32eca2e7a1e2b8323f83d6068dc6744eab0f840788,15,16,2,True
bonk,air.1,manki,small,0.75,stationary,straight,running,rising,c31ec969f28e2a99e41669e10c981ae2c652bbeea7e47de7d4ecf66546922da1,af0719f34f072d28b61615627979d81444003c58089eeb8e7c6d7f7533acbc4f,234b9cb6c244f8debee3dcf5e40b87d2afb3f58148f55122d37f104a10a6374a,1fe4b08ebcd07312a181db32eca2e7a1e2b8323f83d6068dc6744eab0f840788,15,16,2,True
bonk,air.1,manki,small,1.25,stationary,oblique,running,rising,c31ec969f28e2a99e41669e10c981ae2c652bbeea7e47de7d4ecf66546922da1,af0719f34f072d28b61615627979d81444003c58089eeb8e7c6d7f7533acbc4f,234b9cb6c244f8debee3dcf5e40b87d2afb3f58148f55122d37f104a10a6374a,1fe4b08ebcd07312a181db32eca2e7a1e2b8323f83d6068dc6744eab0f840788,15,16,2,True
bonk,air.1,manki,small,1.25,stationary,straight,running,rising,c31ec969f28e2a99e41669e10c981ae2c652bbeea7e47de7d4ecf66546922da1,af0719f34f072d28b61615627979d81444003c58089eeb8e7c6d7f7533acbc4f,234b9cb6c244f8debee3dcf5e40b87d2afb3f58148f55122d37f104a10a6374a,1fe4b08ebcd07312a181db32eca2e7a1e2b8323f83d6068dc6744eab0f840788,15,16,2,True
bonk,air.1,manki,small,1.75,stationary,oblique,low,rising,c31ec969f28e2a99e41669e10c981ae2c652bbeea7e47de7d4ecf66546922da1,af0719f34f072d28b61615627979d81444003c58089eeb8e7c6d7f7533acbc4f,234b9cb6c244f8debee3dcf5e40b87d2afb3f58148f55122d37f104a10a6374a,1fe4b08ebcd07312a181db32eca2e7a1e2b8323f83d6068dc6744eab0f840788,15,16,2,True
bonk,air.1,manki,small,1.75,stationary,oblique,running,rising,c31ec969f28e2a99e41669e10c981ae2c652bbeea7e47de7d4ecf66546922da1,af0719f34f072d28b61615627979d81444003c58089eeb8e7c6d7f7533acbc4f,234b9cb6c244f8debee3dcf5e40b87d2afb3f58148f55122d37f104a10a6374a,1fe4b08ebcd07312a181db32eca2e7a1e2b8323f83d6068dc6744eab0f840788,15,16,2,True
bonk,air.1,manki,small,1.75,stationary,straight,low,rising,c31ec969f28e2a99e41669e10c981ae2c652bbeea7e47de7d4ecf66546922da1,af0719f34f072d28b61615627979d81444003c58089eeb8e7c6d7f7533acbc4f,234b9cb6c244f8debee3dcf5e40b87d2afb3f58148f55122d37f104a10a6374a,1fe4b08ebcd07312a181db32eca2e7a1e2b8323f83d6068dc6744eab0f840788,15,16,2,True
bonk,air.1,manki,small,1.75,stationary,straight,running,rising,c31ec969f28e2a99e41669e10c981ae2c652bbeea7e47de7d4ecf66546922da1,af0719f34f072d28b61615627979d81444003c58089eeb8e7c6d7f7533acbc4f,234b9cb6c244f8debee3dcf5e40b87d2afb3f58148f55122d37f104a10a6374a,1fe4b08ebcd07312a181db32eca2e7a1e2b8323f83d6068dc6744eab0f840788,15,16,2,True
bonk,air.1,manki,small,2.25,stationary,oblique,low,rising,c31ec969f28e2a99e41669e10c981ae2c652bbeea7e47de7d4ecf66546922da1,af0719f34f072d28b61615627979d81444003c58089eeb8e7c6d7f7533acbc4f,234b9cb6c244f8debee3dcf5e40b87d2afb3f58148f55122d37f104a10a6374a,1fe4b08ebcd07312a181db32eca2e7a1e2b8323f83d6068dc6744eab0f840788,14,16,3,True
bonk,air.1,manki,small,2.25,stationary,straight,low,rising,c31ec969f28e2a99e41669e10c981ae2c652bbeea7e47de7d4ecf66546922da1,af0719f34f072d28b61615627979d81444003c58089eeb8e7c6d7f7533acbc4f,234b9cb6c244f8debee3dcf5e40b87d2afb3f58148f55122d37f104a10a6374a,1fe4b08ebcd07312a181db32eca2e7a1e2b8323f83d6068dc6744eab0f840788,14,16,3,True
bonk,air.3,kistu,large,0.75,stationary,oblique,low,rising,c31ec969f28e2a99e41669e10c981ae2c652bbeea7e47de7d4ecf66546922da1,af0719f34f072d28b61615627979d81444003c58089eeb8e7c6d7f7533acbc4f,fa55982d486e030d74a495895b3b72699680abad4e783454712ae1f8bb179b38,a85422b84a369233fc1f84dfb53410c264bc31e0ef39a7a3e7c5470a213cf010,17,18,2,True
bonk,air.3,kistu,large,0.75,stationary,oblique,running,rising,c31ec969f28e2a99e41669e10c981ae2c652bbeea7e47de7d4ecf66546922da1,af0719f34f072d28b61615627979d81444003c58089eeb8e7c6d7f7533acbc4f,fa55982d486e030d74a495895b3b72699680abad4e783454712ae1f8bb179b38,a85422b84a369233fc1f84dfb53410c264bc31e0ef39a7a3e7c5470a213cf010,11,17,7,True
bonk,air.3,kistu,large,0.75,stationary,straight,low,rising,c31ec969f28e2a99e41669e10c981ae2c652bbeea7e47de7d4ecf66546922da1,af0719f34f072d28b61615627979d81444003c58089eeb8e7c6d7f7533acbc4f,fa55982d486e030d74a495895b3b72699680abad4e783454712ae1f8bb179b38,a85422b84a369233fc1f84dfb53410c264bc31e0ef39a7a3e7c5470a213cf010,17,18,2,True
bonk,air.3,kistu,large,0.75,stationary,straight,running,rising,c31ec969f28e2a99e41669e10c981ae2c652bbeea7e47de7d4ecf66546922da1,af0719f34f072d28b61615627979d81444003c58089eeb8e7c6d7f7533acbc4f,fa55982d486e030d74a495895b3b72699680abad4e783454712ae1f8bb179b38,a85422b84a369233fc1f84dfb53410c264bc31e0ef39a7a3e7c5470a213cf010,11,17,7,True
bonk,air.3,kistu,large,1.25,stationary,oblique,low,rising,c31ec969f28e2a99e41669e10c981ae2c652bbeea7e47de7d4ecf66546922da1,af0719f34f072d28b61615627979d81444003c58089eeb8e7c6d7f7533acbc4f,fa55982d486e030d74a495895b3b72699680abad4e783454712ae1f8bb179b38,a85422b84a369233fc1f84dfb53410c264bc31e0ef39a7a3e7c5470a213cf010,8,19,12,True
bonk,air.3,kistu,large,1.25,stationary,oblique,low,apex,c31ec969f28e2a99e41669e10c981ae2c652bbeea7e47de7d4ecf66546922da1,af0719f34f072d28b61615627979d81444003c58089eeb8e7c6d7f7533acbc4f,fa55982d486e030d74a495895b3b72699680abad4e783454712ae1f8bb179b38,a85422b84a369233fc1f84dfb53410c264bc31e0ef39a7a3e7c5470a213cf010,20,20,1,True
bonk,air.3,kistu,large,1.25,stationary,oblique,running,rising,c31ec969f28e2a99e41669e10c981ae2c652bbeea7e47de7d4ecf66546922da1,af0719f34f072d28b61615627979d81444003c58089eeb8e7c6d7f7533acbc4f,fa55982d486e030d74a495895b3b72699680abad4e783454712ae1f8bb179b38,a85422b84a369233fc1f84dfb53410c264bc31e0ef39a7a3e7c5470a213cf010,12,17,6,True
bonk,air.3,kistu,large,1.25,stationary,straight,low,rising,c31ec969f28e2a99e41669e10c981ae2c652bbeea7e47de7d4ecf66546922da1,af0719f34f072d28b61615627979d81444003c58089eeb8e7c6d7f7533acbc4f,fa55982d486e030d74a495895b3b72699680abad4e783454712ae1f8bb179b38,a85422b84a369233fc1f84dfb53410c264bc31e0ef39a7a3e7c5470a213cf010,8,19,12,True
bonk,air.3,kistu,large,1.25,stationary,straight,low,apex,c31ec969f28e2a99e41669e10c981ae2c652bbeea7e47de7d4ecf66546922da1,af0719f34f072d28b61615627979d81444003c58089eeb8e7c6d7f7533acbc4f,fa55982d486e030d74a495895b3b72699680abad4e783454712ae1f8bb179b38,a85422b84a369233fc1f84dfb53410c264bc31e0ef39a7a3e7c5470a213cf010,20,20,1,True
bonk,air.3,kistu,large,1.25,stationary,straight,running,rising,c31ec969f28e2a99e41669e10c981ae2c652bbeea7e47de7d4ecf66546922da1,af0719f34f072d28b61615627979d81444003c58089eeb8e7c6d7f7533acbc4f,fa55982d486e030d74a495895b3b72699680abad4e783454712ae1f8bb179b38,a85422b84a369233fc1f84dfb53410c264bc31e0ef39a7a3e7c5470a213cf010,11,17,7,True
bonk,air.3,kistu,large,1.75,stationary,oblique,low,rising,c31ec969f28e2a99e41669e10c981ae2c652bbeea7e47de7d4ecf66546922da1,af0719f34f072d28b61615627979d81444003c58089eeb8e7c6d7f7533acbc4f,fa55982d486e030d74a495895b3b72699680abad4e783454712ae1f8bb179b38,a85422b84a369233fc1f84dfb53410c264bc31e0ef39a7a3e7c5470a213cf010,9,19,11,True
bonk,air.3,kistu,large,1.75,stationary,oblique,low,apex,c31ec969f28e2a99e41669e10c981ae2c652bbeea7e47de7d4ecf66546922da1,af0719f34f072d28b61615627979d81444003c58089eeb8e7c6d7f7533acbc4f,fa55982d486e030d74a495895b3b72699680abad4e783454712ae1f8bb179b38,a85422b84a369233fc1f84dfb53410c264bc31e0ef39a7a3e7c5470a213cf010,20,20,1,True
bonk,air.3,kistu,large,1.75,stationary,oblique,running,rising,c31ec969f28e2a99e41669e10c981ae2c652bbeea7e47de7d4ecf66546922da1,af0719f34f072d28b61615627979d81444003c58089eeb8e7c6d7f7533acbc4f,fa55982d486e030d74a495895b3b72699680abad4e783454712ae1f8bb179b38,a85422b84a369233fc1f84dfb53410c264bc31e0ef39a7a3e7c5470a213cf010,11,17,7,True
bonk,air.3,kistu,large,1.75,stationary,straight,low,rising,c31ec969f28e2a99e41669e10c981ae2c652bbeea7e47de7d4ecf66546922da1,af0719f34f072d28b61615627979d81444003c58089eeb8e7c6d7f7533acbc4f,fa55982d486e030d74a495895b3b72699680abad4e783454712ae1f8bb179b38,a85422b84a369233fc1f84dfb53410c264bc31e0ef39a7a3e7c5470a213cf010,9,19,11,True
bonk,air.3,kistu,large,1.75,stationary,straight,low,apex,c31ec969f28e2a99e41669e10c981ae2c652bbeea7e47de7d4ecf66546922da1,af0719f34f072d28b61615627979d81444003c58089eeb8e7c6d7f7533acbc4f,fa55982d486e030d74a495895b3b72699680abad4e783454712ae1f8bb179b38,a85422b84a369233fc1f84dfb53410c264bc31e0ef39a7a3e7c5470a213cf010,20,20,1,True
bonk,air.3,kistu,large,1.75,stationary,straight,running,rising,c31ec969f28e2a99e41669e10c981ae2c652bbeea7e47de7d4ecf66546922da1,af0719f34f072d28b61615627979d81444003c58089eeb8e7c6d7f7533acbc4f,fa55982d486e030d74a495895b3b72699680abad4e783454712ae1f8bb179b38,a85422b84a369233fc1f84dfb53410c264bc31e0ef39a7a3e7c5470a213cf010,12,17,6,True
bonk,air.3,kistu,large,2.25,stationary,oblique,low,rising,c31ec969f28e2a99e41669e10c981ae2c652bbeea7e47de7d4ecf66546922da1,af0719f34f072d28b61615627979d81444003c58089eeb8e7c6d7f7533acbc4f,fa55982d486e030d74a495895b3b72699680abad4e783454712ae1f8bb179b38,a85422b84a369233fc1f84dfb53410c264bc31e0ef39a7a3e7c5470a213cf010,6,18,13,True
bonk,air.3,kistu,large,2.25,stationary,oblique,running,rising,c31ec969f28e2a99e41669e10c981ae2c652bbeea7e47de7d4ecf66546922da1,af0719f34f072d28b61615627979d81444003c58089eeb8e7c6d7f7533acbc4f,fa55982d486e030d74a495895b3b72699680abad4e783454712ae1f8bb179b38,a85422b84a369233fc1f84dfb53410c264bc31e0ef39a7a3e7c5470a213cf010,11,17,7,True
bonk,air.3,kistu,large,2.25,stationary,straight,low,rising,c31ec969f28e2a99e41669e10c981ae2c652bbeea7e47de7d4ecf66546922da1,af0719f34f072d28b61615627979d81444003c58089eeb8e7c6d7f7533acbc4f,fa55982d486e030d74a495895b3b72699680abad4e783454712ae1f8bb179b38,a85422b84a369233fc1f84dfb53410c264bc31e0ef39a7a3e7c5470a213cf010,6,18,13,True
bonk,air.3,kistu,large,2.25,stationary,straight,running,rising,c31ec969f28e2a99e41669e10c981ae2c652bbeea7e47de7d4ecf66546922da1,af0719f34f072d28b61615627979d81444003c58089eeb8e7c6d7f7533acbc4f,fa55982d486e030d74a495895b3b72699680abad4e783454712ae1f8bb179b38,a85422b84a369233fc1f84dfb53410c264bc31e0ef39a7a3e7c5470a213cf010,12,17,6,True
bonk,air.3,manki,small,0.75,stationary,oblique,running,rising,c31ec969f28e2a99e41669e10c981ae2c652bbeea7e47de7d4ecf66546922da1,af0719f34f072d28b61615627979d81444003c58089eeb8e7c6d7f7533acbc4f,234b9cb6c244f8debee3dcf5e40b87d2afb3f58148f55122d37f104a10a6374a,1fe4b08ebcd07312a181db32eca2e7a1e2b8323f83d6068dc6744eab0f840788,12,17,6,True
bonk,air.3,manki,small,0.75,stationary,straight,running,rising,c31ec969f28e2a99e41669e10c981ae2c652bbeea7e47de7d4ecf66546922da1,af0719f34f072d28b61615627979d81444003c58089eeb8e7c6d7f7533acbc4f,234b9cb6c244f8debee3dcf5e40b87d2afb3f58148f55122d37f104a10a6374a,1fe4b08ebcd07312a181db32eca2e7a1e2b8323f83d6068dc6744eab0f840788,12,17,6,True
bonk,air.3,manki,small,1.25,stationary,oblique,low,rising,c31ec969f28e2a99e41669e10c981ae2c652bbeea7e47de7d4ecf66546922da1,af0719f34f072d28b61615627979d81444003c58089eeb8e7c6d7f7533acbc4f,234b9cb6c244f8debee3dcf5e40b87d2afb3f58148f55122d37f104a10a6374a,1fe4b08ebcd07312a181db32eca2e7a1e2b8323f83d6068dc6744eab0f840788,13,19,7,True
bonk,air.3,manki,small,1.25,stationary,oblique,low,apex,c31ec969f28e2a99e41669e10c981ae2c652bbeea7e47de7d4ecf66546922da1,af0719f34f072d28b61615627979d81444003c58089eeb8e7c6d7f7533acbc4f,234b9cb6c244f8debee3dcf5e40b87d2afb3f58148f55122d37f104a10a6374a,1fe4b08ebcd07312a181db32eca2e7a1e2b8323f83d6068dc6744eab0f840788,20,20,1,True
bonk,air.3,manki,small,1.25,stationary,oblique,running,rising,c31ec969f28e2a99e41669e10c981ae2c652bbeea7e47de7d4ecf66546922da1,af0719f34f072d28b61615627979d81444003c58089eeb8e7c6d7f7533acbc4f,234b9cb6c244f8debee3dcf5e40b87d2afb3f58148f55122d37f104a10a6374a,1fe4b08ebcd07312a181db32eca2e7a1e2b8323f83d6068dc6744eab0f840788,12,17,6,True
bonk,air.3,manki,small,1.25,stationary,straight,low,rising,c31ec969f28e2a99e41669e10c981ae2c652bbeea7e47de7d4ecf66546922da1,af0719f34f072d28b61615627979d81444003c58089eeb8e7c6d7f7533acbc4f,234b9cb6c244f8debee3dcf5e40b87d2afb3f58148f55122d37f104a10a6374a,1fe4b08ebcd07312a181db32eca2e7a1e2b8323f83d6068dc6744eab0f840788,13,19,7,True
bonk,air.3,manki,small,1.25,stationary,straight,low,apex,c31ec969f28e2a99e41669e10c981ae2c652bbeea7e47de7d4ecf66546922da1,af0719f34f072d28b61615627979d81444003c58089eeb8e7c6d7f7533acbc4f,234b9cb6c244f8debee3dcf5e40b87d2afb3f58148f55122d37f104a10a6374a,1fe4b08ebcd07312a181db32eca2e7a1e2b8323f83d6068dc6744eab0f840788,20,20,1,True
bonk,air.3,manki,small,1.25,stationary,straight,running,rising,c31ec969f28e2a99e41669e10c981ae2c652bbeea7e47de7d4ecf66546922da1,af0719f34f072d28b61615627979d81444003c58089eeb8e7c6d7f7533acbc4f,234b9cb6c244f8debee3dcf5e40b87d2afb3f58148f55122d37f104a10a6374a,1fe4b08ebcd07312a181db32eca2e7a1e2b8323f83d6068dc6744eab0f840788,12,17,6,True
bonk,air.3,manki,small,1.75,stationary,oblique,low,rising,c31ec969f28e2a99e41669e10c981ae2c652bbeea7e47de7d4ecf66546922da1,af0719f34f072d28b61615627979d81444003c58089eeb8e7c6d7f7533acbc4f,234b9cb6c244f8debee3dcf5e40b87d2afb3f58148f55122d37f104a10a6374a,1fe4b08ebcd07312a181db32eca2e7a1e2b8323f83d6068dc6744eab0f840788,13,19,7,True
bonk,air.3,manki,small,1.75,stationary,oblique,low,apex,c31ec969f28e2a99e41669e10c981ae2c652bbeea7e47de7d4ecf66546922da1,af0719f34f072d28b61615627979d81444003c58089eeb8e7c6d7f7533acbc4f,234b9cb6c244f8debee3dcf5e40b87d2afb3f58148f55122d37f104a10a6374a,1fe4b08ebcd07312a181db32eca2e7a1e2b8323f83d6068dc6744eab0f840788,20,20,1,True
bonk,air.3,manki,small,1.75,stationary,oblique,running,rising,c31ec969f28e2a99e41669e10c981ae2c652bbeea7e47de7d4ecf66546922da1,af0719f34f072d28b61615627979d81444003c58089eeb8e7c6d7f7533acbc4f,234b9cb6c244f8debee3dcf5e40b87d2afb3f58148f55122d37f104a10a6374a,1fe4b08ebcd07312a181db32eca2e7a1e2b8323f83d6068dc6744eab0f840788,11,17,7,True
bonk,air.3,manki,small,1.75,stationary,straight,low,rising,c31ec969f28e2a99e41669e10c981ae2c652bbeea7e47de7d4ecf66546922da1,af0719f34f072d28b61615627979d81444003c58089eeb8e7c6d7f7533acbc4f,234b9cb6c244f8debee3dcf5e40b87d2afb3f58148f55122d37f104a10a6374a,1fe4b08ebcd07312a181db32eca2e7a1e2b8323f83d6068dc6744eab0f840788,13,19,7,True
bonk,air.3,manki,small,1.75,stationary,straight,low,apex,c31ec969f28e2a99e41669e10c981ae2c652bbeea7e47de7d4ecf66546922da1,af0719f34f072d28b61615627979d81444003c58089eeb8e7c6d7f7533acbc4f,234b9cb6c244f8debee3dcf5e40b87d2afb3f58148f55122d37f104a10a6374a,1fe4b08ebcd07312a181db32eca2e7a1e2b8323f83d6068dc6744eab0f840788,20,20,1,True
bonk,air.3,manki,small,1.75,stationary,straight,running,rising,c31ec969f28e2a99e41669e10c981ae2c652bbeea7e47de7d4ecf66546922da1,af0719f34f072d28b61615627979d81444003c58089eeb8e7c6d7f7533acbc4f,234b9cb6c244f8debee3dcf5e40b87d2afb3f58148f55122d37f104a10a6374a,1fe4b08ebcd07312a181db32eca2e7a1e2b8323f83d6068dc6744eab0f840788,12,17,6,True
bonk,air.3,manki,small,2.25,stationary,oblique,low,rising,c31ec969f28e2a99e41669e10c981ae2c652bbeea7e47de7d4ecf66546922da1,af0719f34f072d28b61615627979d81444003c58089eeb8e7c6d7f7533acbc4f,234b9cb6c244f8debee3dcf5e40b87d2afb3f58148f55122d37f104a10a6374a,1fe4b08ebcd07312a181db32eca2e7a1e2b8323f83d6068dc6744eab0f840788,10,18,9,True
bonk,air.3,manki,small,2.25,stationary,oblique,running,rising,c31ec969f28e2a99e41669e10c981ae2c652bbeea7e47de7d4ecf66546922da1,af0719f34f072d28b61615627979d81444003c58089eeb8e7c6d7f7533acbc4f,234b9cb6c244f8debee3dcf5e40b87d2afb3f58148f55122d37f104a10a6374a,1fe4b08ebcd07312a181db32eca2e7a1e2b8323f83d6068dc6744eab0f840788,10,17,8,True
bonk,air.3,manki,small,2.25,stationary,straight,low,rising,c31ec969f28e2a99e41669e10c981ae2c652bbeea7e47de7d4ecf66546922da1,af0719f34f072d28b61615627979d81444003c58089eeb8e7c6d7f7533acbc4f,234b9cb6c244f8debee3dcf5e40b87d2afb3f58148f55122d37f104a10a6374a,1fe4b08ebcd07312a181db32eca2e7a1e2b8323f83d6068dc6744eab0f840788,10,18,9,True
bonk,air.3,manki,small,2.25,stationary,straight,running,rising,c31ec969f28e2a99e41669e10c981ae2c652bbeea7e47de7d4ecf66546922da1,af0719f34f072d28b61615627979d81444003c58089eeb8e7c6d7f7533acbc4f,234b9cb6c244f8debee3dcf5e40b87d2afb3f58148f55122d37f104a10a6374a,1fe4b08ebcd07312a181db32eca2e7a1e2b8323f83d6068dc6744eab0f840788,15,16,2,True
bonk,air.4,kistu,large,0.75,stationary,oblique,low,rising,c31ec969f28e2a99e41669e10c981ae2c652bbeea7e47de7d4ecf66546922da1,af0719f34f072d28b61615627979d81444003c58089eeb8e7c6d7f7533acbc4f,fa55982d486e030d74a495895b3b72699680abad4e783454712ae1f8bb179b38,a85422b84a369233fc1f84dfb53410c264bc31e0ef39a7a3e7c5470a213cf010,0,7,8,True
bonk,air.4,kistu,large,0.75,stationary,oblique,running,rising,c31ec969f28e2a99e41669e10c981ae2c652bbeea7e47de7d4ecf66546922da1,af0719f34f072d28b61615627979d81444003c58089eeb8e7c6d7f7533acbc4f,fa55982d486e030d74a495895b3b72699680abad4e783454712ae1f8bb179b38,a85422b84a369233fc1f84dfb53410c264bc31e0ef39a7a3e7c5470a213cf010,0,7,8,True
bonk,air.4,kistu,large,0.75,stationary,straight,low,rising,c31ec969f28e2a99e41669e10c981ae2c652bbeea7e47de7d4ecf66546922da1,af0719f34f072d28b61615627979d81444003c58089eeb8e7c6d7f7533acbc4f,fa55982d486e030d74a495895b3b72699680abad4e783454712ae1f8bb179b38,a85422b84a369233fc1f84dfb53410c264bc31e0ef39a7a3e7c5470a213cf010,0,7,8,True
bonk,air.4,kistu,large,0.75,stationary,straight,running,rising,c31ec969f28e2a99e41669e10c981ae2c652bbeea7e47de7d4ecf66546922da1,af0719f34f072d28b61615627979d81444003c58089eeb8e7c6d7f7533acbc4f,fa55982d486e030d74a495895b3b72699680abad4e783454712ae1f8bb179b38,a85422b84a369233fc1f84dfb53410c264bc31e0ef39a7a3e7c5470a213cf010,0,7,8,True
bonk,air.4,kistu,large,1.25,stationary,oblique,low,rising,c31ec969f28e2a99e41669e10c981ae2c652bbeea7e47de7d4ecf66546922da1,af0719f34f072d28b61615627979d81444003c58089eeb8e7c6d7f7533acbc4f,fa55982d486e030d74a495895b3b72699680abad4e783454712ae1f8bb179b38,a85422b84a369233fc1f84dfb53410c264bc31e0ef39a7a3e7c5470a213cf010,0,7,8,True
bonk,air.4,kistu,large,1.25,stationary,oblique,running,rising,c31ec969f28e2a99e41669e10c981ae2c652bbeea7e47de7d4ecf66546922da1,af0719f34f072d28b61615627979d81444003c58089eeb8e7c6d7f7533acbc4f,fa55982d486e030d74a495895b3b72699680abad4e783454712ae1f8bb179b38,a85422b84a369233fc1f84dfb53410c264bc31e0ef39a7a3e7c5470a213cf010,0,7,8,True
bonk,air.4,kistu,large,1.25,stationary,straight,low,rising,c31ec969f28e2a99e41669e10c981ae2c652bbeea7e47de7d4ecf66546922da1,af0719f34f072d28b61615627979d81444003c58089eeb8e7c6d7f7533acbc4f,fa55982d486e030d74a495895b3b72699680abad4e783454712ae1f8bb179b38,a85422b84a369233fc1f84dfb53410c264bc31e0ef39a7a3e7c5470a213cf010,0,7,8,True
bonk,air.4,kistu,large,1.25,stationary,straight,running,rising,c31ec969f28e2a99e41669e10c981ae2c652bbeea7e47de7d4ecf66546922da1,af0719f34f072d28b61615627979d81444003c58089eeb8e7c6d7f7533acbc4f,fa55982d486e030d74a495895b3b72699680abad4e783454712ae1f8bb179b38,a85422b84a369233fc1f84dfb53410c264bc31e0ef39a7a3e7c5470a213cf010,0,7,8,True
bonk,air.4,kistu,large,1.75,stationary,oblique,low,rising,c31ec969f28e2a99e41669e10c981ae2c652bbeea7e47de7d4ecf66546922da1,af0719f34f072d28b61615627979d81444003c58089eeb8e7c6d7f7533acbc4f,fa55982d486e030d74a495895b3b72699680abad4e783454712ae1f8bb179b38,a85422b84a369233fc1f84dfb53410c264bc31e0ef39a7a3e7c5470a213cf010,0,6,7,True
bonk,air.4,kistu,large,1.75,stationary,oblique,running,rising,c31ec969f28e2a99e41669e10c981ae2c652bbeea7e47de7d4ecf66546922da1,af0719f34f072d28b61615627979d81444003c58089eeb8e7c6d7f7533acbc4f,fa55982d486e030d74a495895b3b72699680abad4e783454712ae1f8bb179b38,a85422b84a369233fc1f84dfb53410c264bc31e0ef39a7a3e7c5470a213cf010,0,7,8,True
bonk,air.4,kistu,large,1.75,stationary,straight,low,rising,c31ec969f28e2a99e41669e10c981ae2c652bbeea7e47de7d4ecf66546922da1,af0719f34f072d28b61615627979d81444003c58089eeb8e7c6d7f7533acbc4f,fa55982d486e030d74a495895b3b72699680abad4e783454712ae1f8bb179b38,a85422b84a369233fc1f84dfb53410c264bc31e0ef39a7a3e7c5470a213cf010,0,6,7,True
bonk,air.4,kistu,large,1.75,stationary,straight,running,rising,c31ec969f28e2a99e41669e10c981ae2c652bbeea7e47de7d4ecf66546922da1,af0719f34f072d28b61615627979d81444003c58089eeb8e7c6d7f7533acbc4f,fa55982d486e030d74a495895b3b72699680abad4e783454712ae1f8bb179b38,a85422b84a369233fc1f84dfb53410c264bc31e0ef39a7a3e7c5470a213cf010,0,7,8,True
bonk,air.4,kistu,large,2.25,stationary,oblique,low,rising,c31ec969f28e2a99e41669e10c981ae2c652bbeea7e47de7d4ecf66546922da1,af0719f34f072d28b61615627979d81444003c58089eeb8e7c6d7f7533acbc4f,fa55982d486e030d74a495895b3b72699680abad4e783454712ae1f8bb179b38,a85422b84a369233fc1f84dfb53410c264bc31e0ef39a7a3e7c5470a213cf010,0,6,7,True
bonk,air.4,kistu,large,2.25,stationary,oblique,running,rising,c31ec969f28e2a99e41669e10c981ae2c652bbeea7e47de7d4ecf66546922da1,af0719f34f072d28b61615627979d81444003c58089eeb8e7c6d7f7533acbc4f,fa55982d486e030d74a495895b3b72699680abad4e783454712ae1f8bb179b38,a85422b84a369233fc1f84dfb53410c264bc31e0ef39a7a3e7c5470a213cf010,0,6,7,True
bonk,air.4,kistu,large,2.25,stationary,straight,low,rising,c31ec969f28e2a99e41669e10c981ae2c652bbeea7e47de7d4ecf66546922da1,af0719f34f072d28b61615627979d81444003c58089eeb8e7c6d7f7533acbc4f,fa55982d486e030d74a495895b3b72699680abad4e783454712ae1f8bb179b38,a85422b84a369233fc1f84dfb53410c264bc31e0ef39a7a3e7c5470a213cf010,0,6,7,True
bonk,air.4,kistu,large,2.25,stationary,straight,running,rising,c31ec969f28e2a99e41669e10c981ae2c652bbeea7e47de7d4ecf66546922da1,af0719f34f072d28b61615627979d81444003c58089eeb8e7c6d7f7533acbc4f,fa55982d486e030d74a495895b3b72699680abad4e783454712ae1f8bb179b38,a85422b84a369233fc1f84dfb53410c264bc31e0ef39a7a3e7c5470a213cf010,0,6,7,True
bonk,air.4,manki,small,0.75,stationary,oblique,low,rising,c31ec969f28e2a99e41669e10c981ae2c652bbeea7e47de7d4ecf66546922da1,af0719f34f072d28b61615627979d81444003c58089eeb8e7c6d7f7533acbc4f,234b9cb6c244f8debee3dcf5e40b87d2afb3f58148f55122d37f104a10a6374a,1fe4b08ebcd07312a181db32eca2e7a1e2b8323f83d6068dc6744eab0f840788,0,6,7,True
bonk,air.4,manki,small,0.75,stationary,oblique,running,rising,c31ec969f28e2a99e41669e10c981ae2c652bbeea7e47de7d4ecf66546922da1,af0719f34f072d28b61615627979d81444003c58089eeb8e7c6d7f7533acbc4f,234b9cb6c244f8debee3dcf5e40b87d2afb3f58148f55122d37f104a10a6374a,1fe4b08ebcd07312a181db32eca2e7a1e2b8323f83d6068dc6744eab0f840788,0,6,7,True
bonk,air.4,manki,small,0.75,stationary,straight,low,rising,c31ec969f28e2a99e41669e10c981ae2c652bbeea7e47de7d4ecf66546922da1,af0719f34f072d28b61615627979d81444003c58089eeb8e7c6d7f7533acbc4f,234b9cb6c244f8debee3dcf5e40b87d2afb3f58148f55122d37f104a10a6374a,1fe4b08ebcd07312a181db32eca2e7a1e2b8323f83d6068dc6744eab0f840788,0,6,7,True
bonk,air.4,manki,small,0.75,stationary,straight,running,rising,c31ec969f28e2a99e41669e10c981ae2c652bbeea7e47de7d4ecf66546922da1,af0719f34f072d28b61615627979d81444003c58089eeb8e7c6d7f7533acbc4f,234b9cb6c244f8debee3dcf5e40b87d2afb3f58148f55122d37f104a10a6374a,1fe4b08ebcd07312a181db32eca2e7a1e2b8323f83d6068dc6744eab0f840788,0,6,7,True
bonk,air.4,manki,small,1.25,stationary,oblique,low,rising,c31ec969f28e2a99e41669e10c981ae2c652bbeea7e47de7d4ecf66546922da1,af0719f34f072d28b61615627979d81444003c58089eeb8e7c6d7f7533acbc4f,234b9cb6c244f8debee3dcf5e40b87d2afb3f58148f55122d37f104a10a6374a,1fe4b08ebcd07312a181db32eca2e7a1e2b8323f83d6068dc6744eab0f840788,0,6,7,True
bonk,air.4,manki,small,1.25,stationary,oblique,running,rising,c31ec969f28e2a99e41669e10c981ae2c652bbeea7e47de7d4ecf66546922da1,af0719f34f072d28b61615627979d81444003c58089eeb8e7c6d7f7533acbc4f,234b9cb6c244f8debee3dcf5e40b87d2afb3f58148f55122d37f104a10a6374a,1fe4b08ebcd07312a181db32eca2e7a1e2b8323f83d6068dc6744eab0f840788,0,6,7,True
bonk,air.4,manki,small,1.25,stationary,straight,low,rising,c31ec969f28e2a99e41669e10c981ae2c652bbeea7e47de7d4ecf66546922da1,af0719f34f072d28b61615627979d81444003c58089eeb8e7c6d7f7533acbc4f,234b9cb6c244f8debee3dcf5e40b87d2afb3f58148f55122d37f104a10a6374a,1fe4b08ebcd07312a181db32eca2e7a1e2b8323f83d6068dc6744eab0f840788,0,6,7,True
bonk,air.4,manki,small,1.25,stationary,straight,running,rising,c31ec969f28e2a99e41669e10c981ae2c652bbeea7e47de7d4ecf66546922da1,af0719f34f072d28b61615627979d81444003c58089eeb8e7c6d7f7533acbc4f,234b9cb6c244f8debee3dcf5e40b87d2afb3f58148f55122d37f104a10a6374a,1fe4b08ebcd07312a181db32eca2e7a1e2b8323f83d6068dc6744eab0f840788,0,6,7,True
bonk,air.4,manki,small,1.75,stationary,oblique,low,rising,c31ec969f28e2a99e41669e10c981ae2c652bbeea7e47de7d4ecf66546922da1,af0719f34f072d28b61615627979d81444003c58089eeb8e7c6d7f7533acbc4f,234b9cb6c244f8debee3dcf5e40b87d2afb3f58148f55122d37f104a10a6374a,1fe4b08ebcd07312a181db32eca2e7a1e2b8323f83d6068dc6744eab0f840788,0,6,7,True
bonk,air.4,manki,small,1.75,stationary,oblique,running,rising,c31ec969f28e2a99e41669e10c981ae2c652bbeea7e47de7d4ecf66546922da1,af0719f34f072d28b61615627979d81444003c58089eeb8e7c6d7f7533acbc4f,234b9cb6c244f8debee3dcf5e40b87d2afb3f58148f55122d37f104a10a6374a,1fe4b08ebcd07312a181db32eca2e7a1e2b8323f83d6068dc6744eab0f840788,0,6,7,True
bonk,air.4,manki,small,1.75,stationary,straight,low,rising,c31ec969f28e2a99e41669e10c981ae2c652bbeea7e47de7d4ecf66546922da1,af0719f34f072d28b61615627979d81444003c58089eeb8e7c6d7f7533acbc4f,234b9cb6c244f8debee3dcf5e40b87d2afb3f58148f55122d37f104a10a6374a,1fe4b08ebcd07312a181db32eca2e7a1e2b8323f83d6068dc6744eab0f840788,0,6,7,True
bonk,air.4,manki,small,1.75,stationary,straight,running,rising,c31ec969f28e2a99e41669e10c981ae2c652bbeea7e47de7d4ecf66546922da1,af0719f34f072d28b61615627979d81444003c58089eeb8e7c6d7f7533acbc4f,234b9cb6c244f8debee3dcf5e40b87d2afb3f58148f55122d37f104a10a6374a,1fe4b08ebcd07312a181db32eca2e7a1e2b8323f83d6068dc6744eab0f840788,0,6,7,True
bonk,air.4,manki,small,2.25,stationary,oblique,low,rising,c31ec969f28e2a99e41669e10c981ae2c652bbeea7e47de7d4ecf66546922da1,af0719f34f072d28b61615627979d81444003c58089eeb8e7c6d7f7533acbc4f,234b9cb6c244f8debee3dcf5e40b87d2afb3f58148f55122d37f104a10a6374a,1fe4b08ebcd07312a181db32eca2e7a1e2b8323f83d6068dc6744eab0f840788,0,6,7,True
bonk,air.4,manki,small,2.25,stationary,oblique,running,rising,c31ec969f28e2a99e41669e10c981ae2c652bbeea7e47de7d4ecf66546922da1,af0719f34f072d28b61615627979d81444003c58089eeb8e7c6d7f7533acbc4f,234b9cb6c244f8debee3dcf5e40b87d2afb3f58148f55122d37f104a10a6374a,1fe4b08ebcd07312a181db32eca2e7a1e2b8323f83d6068dc6744eab0f840788,0,1,2,True
bonk,air.4,manki,small,2.25,stationary,straight,low,rising,c31ec969f28e2a99e41669e10c981ae2c652bbeea7e47de7d4ecf66546922da1,af0719f34f072d28b61615627979d81444003c58089eeb8e7c6d7f7533acbc4f,234b9cb6c244f8debee3dcf5e40b87d2afb3f58148f55122d37f104a10a6374a,1fe4b08ebcd07312a181db32eca2e7a1e2b8323f83d6068dc6744eab0f840788,0,6,7,True
bonk,air.4,manki,small,2.25,stationary,straight,running,rising,c31ec969f28e2a99e41669e10c981ae2c652bbeea7e47de7d4ecf66546922da1,af0719f34f072d28b61615627979d81444003c58089eeb8e7c6d7f7533acbc4f,234b9cb6c244f8debee3dcf5e40b87d2afb3f58148f55122d37f104a10a6374a,1fe4b08ebcd07312a181db32eca2e7a1e2b8323f83d6068dc6744eab0f840788,0,2,3,True
fightguy,air.1,kistu,large,0.75,stationary,oblique,low,falling,ed91019bc96fe42db06f75d55c5f531fa6c1df0805b38920036272d96e762722,9649abee60e9109b4a8420c0348ae9562ec4fd3c5a081ad4157aa00cb72a3c39,fa55982d486e030d74a495895b3b72699680abad4e783454712ae1f8bb179b38,a85422b84a369233fc1f84dfb53410c264bc31e0ef39a7a3e7c5470a213cf010,19,21,3,False
fightguy,air.1,kistu,large,0.75,stationary,oblique,low,falling,ed91019bc96fe42db06f75d55c5f531fa6c1df0805b38920036272d96e762722,9649abee60e9109b4a8420c0348ae9562ec4fd3c5a081ad4157aa00cb72a3c39,fa55982d486e030d74a495895b3b72699680abad4e783454712ae1f8bb179b38,a85422b84a369233fc1f84dfb53410c264bc31e0ef39a7a3e7c5470a213cf010,25,29,5,True
fightguy,air.1,kistu,large,0.75,stationary,straight,low,falling,ed91019bc96fe42db06f75d55c5f531fa6c1df0805b38920036272d96e762722,9649abee60e9109b4a8420c0348ae9562ec4fd3c5a081ad4157aa00cb72a3c39,fa55982d486e030d74a495895b3b72699680abad4e783454712ae1f8bb179b38,a85422b84a369233fc1f84dfb53410c264bc31e0ef39a7a3e7c5470a213cf010,19,21,3,False
fightguy,air.1,kistu,large,0.75,stationary,straight,low,falling,ed91019bc96fe42db06f75d55c5f531fa6c1df0805b38920036272d96e762722,9649abee60e9109b4a8420c0348ae9562ec4fd3c5a081ad4157aa00cb72a3c39,fa55982d486e030d74a495895b3b72699680abad4e783454712ae1f8bb179b38,a85422b84a369233fc1f84dfb53410c264bc31e0ef39a7a3e7c5470a213cf010,25,29,5,True
fightguy,air.1,manki,small,0.75,stationary,oblique,low,falling,ed91019bc96fe42db06f75d55c5f531fa6c1df0805b38920036272d96e762722,9649abee60e9109b4a8420c0348ae9562ec4fd3c5a081ad4157aa00cb72a3c39,234b9cb6c244f8debee3dcf5e40b87d2afb3f58148f55122d37f104a10a6374a,1fe4b08ebcd07312a181db32eca2e7a1e2b8323f83d6068dc6744eab0f840788,21,21,1,False
fightguy,air.1,manki,small,0.75,stationary,oblique,low,falling,ed91019bc96fe42db06f75d55c5f531fa6c1df0805b38920036272d96e762722,9649abee60e9109b4a8420c0348ae9562ec4fd3c5a081ad4157aa00cb72a3c39,234b9cb6c244f8debee3dcf5e40b87d2afb3f58148f55122d37f104a10a6374a,1fe4b08ebcd07312a181db32eca2e7a1e2b8323f83d6068dc6744eab0f840788,27,29,3,True
fightguy,air.1,manki,small,0.75,stationary,straight,low,falling,ed91019bc96fe42db06f75d55c5f531fa6c1df0805b38920036272d96e762722,9649abee60e9109b4a8420c0348ae9562ec4fd3c5a081ad4157aa00cb72a3c39,234b9cb6c244f8debee3dcf5e40b87d2afb3f58148f55122d37f104a10a6374a,1fe4b08ebcd07312a181db32eca2e7a1e2b8323f83d6068dc6744eab0f840788,21,21,1,False
fightguy,air.1,manki,small,0.75,stationary,straight,low,falling,ed91019bc96fe42db06f75d55c5f531fa6c1df0805b38920036272d96e762722,9649abee60e9109b4a8420c0348ae9562ec4fd3c5a081ad4157aa00cb72a3c39,234b9cb6c244f8debee3dcf5e40b87d2afb3f58148f55122d37f104a10a6374a,1fe4b08ebcd07312a181db32eca2e7a1e2b8323f83d6068dc6744eab0f840788,27,29,3,True
fightguy,air.2,kistu,large,0.75,stationary,oblique,low,rising,ed91019bc96fe42db06f75d55c5f531fa6c1df0805b38920036272d96e762722,9649abee60e9109b4a8420c0348ae9562ec4fd3c5a081ad4157aa00cb72a3c39,fa55982d486e030d74a495895b3b72699680abad4e783454712ae1f8bb179b38,a85422b84a369233fc1f84dfb53410c264bc31e0ef39a7a3e7c5470a213cf010,0,17,18,True
fightguy,air.2,kistu,large,0.75,stationary,oblique,low,apex,ed91019bc96fe42db06f75d55c5f531fa6c1df0805b38920036272d96e762722,9649abee60e9109b4a8420c0348ae9562ec4fd3c5a081ad4157aa00cb72a3c39,fa55982d486e030d74a495895b3b72699680abad4e783454712ae1f8bb179b38,a85422b84a369233fc1f84dfb53410c264bc31e0ef39a7a3e7c5470a213cf010,18,18,1,True
fightguy,air.2,kistu,large,0.75,stationary,oblique,low,falling,ed91019bc96fe42db06f75d55c5f531fa6c1df0805b38920036272d96e762722,9649abee60e9109b4a8420c0348ae9562ec4fd3c5a081ad4157aa00cb72a3c39,fa55982d486e030d74a495895b3b72699680abad4e783454712ae1f8bb179b38,a85422b84a369233fc1f84dfb53410c264bc31e0ef39a7a3e7c5470a213cf010,19,30,12,True
fightguy,air.2,kistu,large,0.75,stationary,oblique,running,rising,ed91019bc96fe42db06f75d55c5f531fa6c1df0805b38920036272d96e762722,9649abee60e9109b4a8420c0348ae9562ec4fd3c5a081ad4157aa00cb72a3c39,fa55982d486e030d74a495895b3b72699680abad4e783454712ae1f8bb179b38,a85422b84a369233fc1f84dfb53410c264bc31e0ef39a7a3e7c5470a213cf010,1,9,9,True
fightguy,air.2,kistu,large,0.75,stationary,straight,low,rising,ed91019bc96fe42db06f75d55c5f531fa6c1df0805b38920036272d96e762722,9649abee60e9109b4a8420c0348ae9562ec4fd3c5a081ad4157aa00cb72a3c39,fa55982d486e030d74a495895b3b72699680abad4e783454712ae1f8bb179b38,a85422b84a369233fc1f84dfb53410c264bc31e0ef39a7a3e7c5470a213cf010,0,17,18,True
fightguy,air.2,kistu,large,0.75,stationary,straight,low,apex,ed91019bc96fe42db06f75d55c5f531fa6c1df0805b38920036272d96e762722,9649abee60e9109b4a8420c0348ae9562ec4fd3c5a081ad4157aa00cb72a3c39,fa55982d486e030d74a495895b3b72699680abad4e783454712ae1f8bb179b38,a85422b84a369233fc1f84dfb53410c264bc31e0ef39a7a3e7c5470a213cf010,18,18,1,True
fightguy,air.2,kistu,large,0.75,stationary,straight,low,falling,ed91019bc96fe42db06f75d55c5f531fa6c1df0805b38920036272d96e762722,9649abee60e9109b4a8420c0348ae9562ec4fd3c5a081ad4157aa00cb72a3c39,fa55982d486e030d74a495895b3b72699680abad4e783454712ae1f8bb179b38,a85422b84a369233fc1f84dfb53410c264bc31e0ef39a7a3e7c5470a213cf010,19,30,12,True
fightguy,air.2,kistu,large,0.75,stationary,straight,running,rising,ed91019bc96fe42db06f75d55c5f531fa6c1df0805b38920036272d96e762722,9649abee60e9109b4a8420c0348ae9562ec4fd3c5a081ad4157aa00cb72a3c39,fa55982d486e030d74a495895b3b72699680abad4e783454712ae1f8bb179b38,a85422b84a369233fc1f84dfb53410c264bc31e0ef39a7a3e7c5470a213cf010,0,10,11,True
fightguy,air.2,kistu,large,1.25,stationary,oblique,low,rising,ed91019bc96fe42db06f75d55c5f531fa6c1df0805b38920036272d96e762722,9649abee60e9109b4a8420c0348ae9562ec4fd3c5a081ad4157aa00cb72a3c39,fa55982d486e030d74a495895b3b72699680abad4e783454712ae1f8bb179b38,a85422b84a369233fc1f84dfb53410c264bc31e0ef39a7a3e7c5470a213cf010,3,17,15,True
fightguy,air.2,kistu,large,1.25,stationary,oblique,low,apex,ed91019bc96fe42db06f75d55c5f531fa6c1df0805b38920036272d96e762722,9649abee60e9109b4a8420c0348ae9562ec4fd3c5a081ad4157aa00cb72a3c39,fa55982d486e030d74a495895b3b72699680abad4e783454712ae1f8bb179b38,a85422b84a369233fc1f84dfb53410c264bc31e0ef39a7a3e7c5470a213cf010,18,18,1,True
fightguy,air.2,kistu,large,1.25,stationary,oblique,low,falling,ed91019bc96fe42db06f75d55c5f531fa6c1df0805b38920036272d96e762722,9649abee60e9109b4a8420c0348ae9562ec4fd3c5a081ad4157aa00cb72a3c39,fa55982d486e030d74a495895b3b72699680abad4e783454712ae1f8bb179b38,a85422b84a369233fc1f84dfb53410c264bc31e0ef39a7a3e7c5470a213cf010,19,29,11,True
fightguy,air.2,kistu,large,1.25,stationary,oblique,running,rising,ed91019bc96fe42db06f75d55c5f531fa6c1df0805b38920036272d96e762722,9649abee60e9109b4a8420c0348ae9562ec4fd3c5a081ad4157aa00cb72a3c39,fa55982d486e030d74a495895b3b72699680abad4e783454712ae1f8bb179b38,a85422b84a369233fc1f84dfb53410c264bc31e0ef39a7a3e7c5470a213cf010,1,14,14,True
fightguy,air.2,kistu,large,1.25,stationary,straight,low,rising,ed91019bc96fe42db06f75d55c5f531fa6c1df0805b38920036272d96e762722,9649abee60e9109b4a8420c0348ae9562ec4fd3c5a081ad4157aa00cb72a3c39,fa55982d486e030d74a495895b3b72699680abad4e783454712ae1f8bb179b38,a85422b84a369233fc1f84dfb53410c264bc31e0ef39a7a3e7c5470a213cf010,3,17,15,True
fightguy,air.2,kistu,large,1.25,stationary,straight,low,apex,ed91019bc96fe42db06f75d55c5f531fa6c1df0805b38920036272d96e762722,9649abee60e9109b4a8420c0348ae9562ec4fd3c5a081ad4157aa00cb72a3c39,fa55982d486e030d74a495895b3b72699680abad4e783454712ae1f8bb179b38,a85422b84a369233fc1f84dfb53410c264bc31e0ef39a7a3e7c5470a213cf010,18,18,1,True
fightguy,air.2,kistu,large,1.25,stationary,straight,low,falling,ed91019bc96fe42db06f75d55c5f531fa6c1df0805b38920036272d96e762722,9649abee60e9109b4a8420c0348ae9562ec4fd3c5a081ad4157aa00cb72a3c39,fa55982d486e030d74a495895b3b72699680abad4e783454712ae1f8bb179b38,a85422b84a369233fc1f84dfb53410c264bc31e0ef39a7a3e7c5470a213cf010,19,29,11,True
fightguy,air.2,kistu,large,1.25,stationary,straight,running,rising,ed91019bc96fe42db06f75d55c5f531fa6c1df0805b38920036272d96e762722,9649abee60e9109b4a8420c0348ae9562ec4fd3c5a081ad4157aa00cb72a3c39,fa55982d486e030d74a495895b3b72699680abad4e783454712ae1f8bb179b38,a85422b84a369233fc1f84dfb53410c264bc31e0ef39a7a3e7c5470a213cf010,0,10,11,True
fightguy,air.2,kistu,large,1.75,stationary,oblique,running,rising,ed91019bc96fe42db06f75d55c5f531fa6c1df0805b38920036272d96e762722,9649abee60e9109b4a8420c0348ae9562ec4fd3c5a081ad4157aa00cb72a3c39,fa55982d486e030d74a495895b3b72699680abad4e783454712ae1f8bb179b38,a85422b84a369233fc1f84dfb53410c264bc31e0ef39a7a3e7c5470a213cf010,1,12,12,True
fightguy,air.2,kistu,large,1.75,stationary,straight,running,rising,ed91019bc96fe42db06f75d55c5f531fa6c1df0805b38920036272d96e762722,9649abee60e9109b4a8420c0348ae9562ec4fd3c5a081ad4157aa00cb72a3c39,fa55982d486e030d74a495895b3b72699680abad4e783454712ae1f8bb179b38,a85422b84a369233fc1f84dfb53410c264bc31e0ef39a7a3e7c5470a213cf010,3,10,8,True
fightguy,air.2,kistu,large,2.25,stationary,oblique,running,rising,ed91019bc96fe42db06f75d55c5f531fa6c1df0805b38920036272d96e762722,9649abee60e9109b4a8420c0348ae9562ec4fd3c5a081ad4157aa00cb72a3c39,fa55982d486e030d74a495895b3b72699680abad4e783454712ae1f8bb179b38,a85422b84a369233fc1f84dfb53410c264bc31e0ef39a7a3e7c5470a213cf010,2,6,5,True
fightguy,air.2,kistu,large,2.25,stationary,straight,running,rising,ed91019bc96fe42db06f75d55c5f531fa6c1df0805b38920036272d96e762722,9649abee60e9109b4a8420c0348ae9562ec4fd3c5a081ad4157aa00cb72a3c39,fa55982d486e030d74a495895b3b72699680abad4e783454712ae1f8bb179b38,a85422b84a369233fc1f84dfb53410c264bc31e0ef39a7a3e7c5470a213cf010,6,10,5,True
fightguy,air.2,manki,small,0.75,stationary,oblique,low,rising,ed91019bc96fe42db06f75d55c5f531fa6c1df0805b38920036272d96e762722,9649abee60e9109b4a8420c0348ae9562ec4fd3c5a081ad4157aa00cb72a3c39,234b9cb6c244f8debee3dcf5e40b87d2afb3f58148f55122d37f104a10a6374a,1fe4b08ebcd07312a181db32eca2e7a1e2b8323f83d6068dc6744eab0f840788,3,17,15,True
fightguy,air.2,manki,small,0.75,stationary,oblique,low,apex,ed91019bc96fe42db06f75d55c5f531fa6c1df0805b38920036272d96e762722,9649abee60e9109b4a8420c0348ae9562ec4fd3c5a081ad4157aa00cb72a3c39,234b9cb6c244f8debee3dcf5e40b87d2afb3f58148f55122d37f104a10a6374a,1fe4b08ebcd07312a181db32eca2e7a1e2b8323f83d6068dc6744eab0f840788,18,18,1,True
fightguy,air.2,manki,small,0.75,stationary,oblique,low,falling,ed91019bc96fe42db06f75d55c5f531fa6c1df0805b38920036272d96e762722,9649abee60e9109b4a8420c0348ae9562ec4fd3c5a081ad4157aa00cb72a3c39,234b9cb6c244f8debee3dcf5e40b87d2afb3f58148f55122d37f104a10a6374a,1fe4b08ebcd07312a181db32eca2e7a1e2b8323f83d6068dc6744eab0f840788,19,30,12,True
fightguy,air.2,manki,small,0.75,stationary,oblique,running,rising,ed91019bc96fe42db06f75d55c5f531fa6c1df0805b38920036272d96e762722,9649abee60e9109b4a8420c0348ae9562ec4fd3c5a081ad4157aa00cb72a3c39,234b9cb6c244f8debee3dcf5e40b87d2afb3f58148f55122d37f104a10a6374a,1fe4b08ebcd07312a181db32eca2e7a1e2b8323f83d6068dc6744eab0f840788,4,5,2,True
fightguy,air.2,manki,small,0.75,stationary,straight,low,rising,ed91019bc96fe42db06f75d55c5f531fa6c1df0805b38920036272d96e762722,9649abee60e9109b4a8420c0348ae9562ec4fd3c5a081ad4157aa00cb72a3c39,234b9cb6c244f8debee3dcf5e40b87d2afb3f58148f55122d37f104a10a6374a,1fe4b08ebcd07312a181db32eca2e7a1e2b8323f83d6068dc6744eab0f840788,3,17,15,True
fightguy,air.2,manki,small,0.75,stationary,straight,low,apex,ed91019bc96fe42db06f75d55c5f531fa6c1df0805b38920036272d96e762722,9649abee60e9109b4a8420c0348ae9562ec4fd3c5a081ad4157aa00cb72a3c39,234b9cb6c244f8debee3dcf5e40b87d2afb3f58148f55122d37f104a10a6374a,1fe4b08ebcd07312a181db32eca2e7a1e2b8323f83d6068dc6744eab0f840788,18,18,1,True
fightguy,air.2,manki,small,0.75,stationary,straight,low,falling,ed91019bc96fe42db06f75d55c5f531fa6c1df0805b38920036272d96e762722,9649abee60e9109b4a8420c0348ae9562ec4fd3c5a081ad4157aa00cb72a3c39,234b9cb6c244f8debee3dcf5e40b87d2afb3f58148f55122d37f104a10a6374a,1fe4b08ebcd07312a181db32eca2e7a1e2b8323f83d6068dc6744eab0f840788,19,30,12,True
fightguy,air.2,manki,small,1.25,stationary,oblique,low,rising,ed91019bc96fe42db06f75d55c5f531fa6c1df0805b38920036272d96e762722,9649abee60e9109b4a8420c0348ae9562ec4fd3c5a081ad4157aa00cb72a3c39,234b9cb6c244f8debee3dcf5e40b87d2afb3f58148f55122d37f104a10a6374a,1fe4b08ebcd07312a181db32eca2e7a1e2b8323f83d6068dc6744eab0f840788,5,17,13,True
fightguy,air.2,manki,small,1.25,stationary,oblique,low,apex,ed91019bc96fe42db06f75d55c5f531fa6c1df0805b38920036272d96e762722,9649abee60e9109b4a8420c0348ae9562ec4fd3c5a081ad4157aa00cb72a3c39,234b9cb6c244f8debee3dcf5e40b87d2afb3f58148f55122d37f104a10a6374a,1fe4b08ebcd07312a181db32eca2e7a1e2b8323f83d6068dc6744eab0f840788,18,18,1,True
fightguy,air.2,manki,small,1.25,stationary,oblique,low,falling,ed91019bc96fe42db06f75d55c5f531fa6c1df0805b38920036272d96e762722,9649abee60e9109b4a8420c0348ae9562ec4fd3c5a081ad4157aa00cb72a3c39,234b9cb6c244f8debee3dcf5e40b87d2afb3f58148f55122d37f104a10a6374a,1fe4b08ebcd07312a181db32eca2e7a1e2b8323f83d6068dc6744eab0f840788,19,28,10,True
fightguy,air.2,manki,small,1.25,stationary,oblique,running,rising,ed91019bc96fe42db06f75d55c5f531fa6c1df0805b38920036272d96e762722,9649abee60e9109b4a8420c0348ae9562ec4fd3c5a081ad4157aa00cb72a3c39,234b9cb6c244f8debee3dcf5e40b87d2afb3f58148f55122d37f104a10a6374a,1fe4b08ebcd07312a181db32eca2e7a1e2b8323f83d6068dc6744eab0f840788,4,8,5,True
fightguy,air.2,manki,small,1.25,stationary,straight,low,rising,ed91019bc96fe42db06f75d55c5f531fa6c1df0805b38920036272d96e762722,9649abee60e9109b4a8420c0348ae9562ec4fd3c5a081ad4157aa00cb72a3c39,234b9cb6c244f8debee3dcf5e40b87d2afb3f58148f55122d37f104a10a6374a,1fe4b08ebcd07312a181db32eca2e7a1e2b8323f83d6068dc6744eab0f840788,5,17,13,True
fightguy,air.2,manki,small,1.25,stationary,straight,low,apex,ed91019bc96fe42db06f75d55c5f531fa6c1df0805b38920036272d96e762722,9649abee60e9109b4a8420c0348ae9562ec4fd3c5a081ad4157aa00cb72a3c39,234b9cb6c244f8debee3dcf5e40b87d2afb3f58148f55122d37f104a10a6374a,1fe4b08ebcd07312a181db32eca2e7a1e2b8323f83d6068dc6744eab0f840788,18,18,1,True
fightguy,air.2,manki,small,1.25,stationary,straight,low,falling,ed91019bc96fe42db06f75d55c5f531fa6c1df0805b38920036272d96e762722,9649abee60e9109b4a8420c0348ae9562ec4fd3c5a081ad4157aa00cb72a3c39,234b9cb6c244f8debee3dcf5e40b87d2afb3f58148f55122d37f104a10a6374a,1fe4b08ebcd07312a181db32eca2e7a1e2b8323f83d6068dc6744eab0f840788,19,28,10,True
fightguy,air.3,kistu,large,0.75,stationary,oblique,low,rising,ed91019bc96fe42db06f75d55c5f531fa6c1df0805b38920036272d96e762722,9649abee60e9109b4a8420c0348ae9562ec4fd3c5a081ad4157aa00cb72a3c39,fa55982d486e030d74a495895b3b72699680abad4e783454712ae1f8bb179b38,a85422b84a369233fc1f84dfb53410c264bc31e0ef39a7a3e7c5470a213cf010,15,17,3,True
fightguy,air.3,kistu,large,0.75,stationary,oblique,low,apex,ed91019bc96fe42db06f75d55c5f531fa6c1df0805b38920036272d96e762722,9649abee60e9109b4a8420c0348ae9562ec4fd3c5a081ad4157aa00cb72a3c39,fa55982d486e030d74a495895b3b72699680abad4e783454712ae1f8bb179b38,a85422b84a369233fc1f84dfb53410c264bc31e0ef39a7a3e7c5470a213cf010,18,18,1,True
fightguy,air.3,kistu,large,0.75,stationary,oblique,low,falling,ed91019bc96fe42db06f75d55c5f531fa6c1df0805b38920036272d96e762722,9649abee60e9109b4a8420c0348ae9562ec4fd3c5a081ad4157aa00cb72a3c39,fa55982d486e030d74a495895b3b72699680abad4e783454712ae1f8bb179b38,a85422b84a369233fc1f84dfb53410c264bc31e0ef39a7a3e7c5470a213cf010,19,23,5,True
fightguy,air.3,kistu,large,0.75,stationary,straight,low,rising,ed91019bc96fe42db06f75d55c5f531fa6c1df0805b38920036272d96e762722,9649abee60e9109b4a8420c0348ae9562ec4fd3c5a081ad4157aa00cb72a3c39,fa55982d486e030d74a495895b3b72699680abad4e783454712ae1f8bb179b38,a85422b84a369233fc1f84dfb53410c264bc31e0ef39a7a3e7c5470a213cf010,15,17,3,True
fightguy,air.3,kistu,large,0.75,stationary,straight,low,apex,ed91019bc96fe42db06f75d55c5f531fa6c1df0805b38920036272d96e762722,9649abee60e9109b4a8420c0348ae9562ec4fd3c5a081ad4157aa00cb72a3c39,fa55982d486e030d74a495895b3b72699680abad4e783454712ae1f8bb179b38,a85422b84a369233fc1f84dfb53410c264bc31e0ef39a7a3e7c5470a213cf010,18,18,1,True
fightguy,air.3,kistu,large,0.75,stationary,straight,low,falling,ed91019bc96fe42db06f75d55c5f531fa6c1df0805b38920036272d96e762722,9649abee60e9109b4a8420c0348ae9562ec4fd3c5a081ad4157aa00cb72a3c39,fa55982d486e030d74a495895b3b72699680abad4e783454712ae1f8bb179b38,a85422b84a369233fc1f84dfb53410c264bc31e0ef39a7a3e7c5470a213cf010,19,23,5,True
fightguy,air.3,kistu,large,1.25,stationary,oblique,low,rising,ed91019bc96fe42db06f75d55c5f531fa6c1df0805b38920036272d96e762722,9649abee60e9109b4a8420c0348ae9562ec4fd3c5a081ad4157aa00cb72a3c39,fa55982d486e030d74a495895b3b72699680abad4e783454712ae1f8bb179b38,a85422b84a369233fc1f84dfb53410c264bc31e0ef39a7a3e7c5470a213cf010,17,17,1,True
fightguy,air.3,kistu,large,1.25,stationary,oblique,low,apex,ed91019bc96fe42db06f75d55c5f531fa6c1df0805b38920036272d96e762722,9649abee60e9109b4a8420c0348ae9562ec4fd3c5a081ad4157aa00cb72a3c39,fa55982d486e030d74a495895b3b72699680abad4e783454712ae1f8bb179b38,a85422b84a369233fc1f84dfb53410c264bc31e0ef39a7a3e7c5470a213cf010,18,18,1,True
fightguy,air.3,kistu,large,1.25,stationary,oblique,low,falling,ed91019bc96fe42db06f75d55c5f531fa6c1df0805b38920036272d96e762722,9649abee60e9109b4a8420c0348ae9562ec4fd3c5a081ad4157aa00cb72a3c39,fa55982d486e030d74a495895b3b72699680abad4e783454712ae1f8bb179b38,a85422b84a369233fc1f84dfb53410c264bc31e0ef39a7a3e7c5470a213cf010,19,23,5,True
fightguy,air.3,kistu,large,1.25,stationary,straight,low,rising,ed91019bc96fe42db06f75d55c5f531fa6c1df0805b38920036272d96e762722,9649abee60e9109b4a8420c0348ae9562ec4fd3c5a081ad4157aa00cb72a3c39,fa55982d486e030d74a495895b3b72699680abad4e783454712ae1f8bb179b38,a85422b84a369233fc1f84dfb53410c264bc31e0ef39a7a3e7c5470a213cf010,17,17,1,True
fightguy,air.3,kistu,large,1.25,stationary,straight,low,apex,ed91019bc96fe42db06f75d55c5f531fa6c1df0805b38920036272d96e762722,9649abee60e9109b4a8420c0348ae9562ec4fd3c5a081ad4157aa00cb72a3c39,fa55982d486e030d74a495895b3b72699680abad4e783454712ae1f8bb179b38,a85422b84a369233fc1f84dfb53410c264bc31e0ef39a7a3e7c5470a213cf010,18,18,1,True
fightguy,air.3,kistu,large,1.25,stationary,straight,low,falling,ed91019bc96fe42db06f75d55c5f531fa6c1df0805b38920036272d96e762722,9649abee60e9109b4a8420c0348ae9562ec4fd3c5a081ad4157aa00cb72a3c39,fa55982d486e030d74a495895b3b72699680abad4e783454712ae1f8bb179b38,a85422b84a369233fc1f84dfb53410c264bc31e0ef39a7a3e7c5470a213cf010,19,23,5,True
fightguy,air.3,manki,small,0.75,stationary,oblique,low,apex,ed91019bc96fe42db06f75d55c5f531fa6c1df0805b38920036272d96e762722,9649abee60e9109b4a8420c0348ae9562ec4fd3c5a081ad4157aa00cb72a3c39,234b9cb6c244f8debee3dcf5e40b87d2afb3f58148f55122d37f104a10a6374a,1fe4b08ebcd07312a181db32eca2e7a1e2b8323f83d6068dc6744eab0f840788,18,18,1,True
fightguy,air.3,manki,small,0.75,stationary,oblique,low,falling,ed91019bc96fe42db06f75d55c5f531fa6c1df0805b38920036272d96e762722,9649abee60e9109b4a8420c0348ae9562ec4fd3c5a081ad4157aa00cb72a3c39,234b9cb6c244f8debee3dcf5e40b87d2afb3f58148f55122d37f104a10a6374a,1fe4b08ebcd07312a181db32eca2e7a1e2b8323f83d6068dc6744eab0f840788,19,23,5,True
fightguy,air.3,manki,small,0.75,stationary,straight,low,apex,ed91019bc96fe42db06f75d55c5f531fa6c1df0805b38920036272d96e762722,9649abee60e9109b4a8420c0348ae9562ec4fd3c5a081ad4157aa00cb72a3c39,234b9cb6c244f8debee3dcf5e40b87d2afb3f58148f55122d37f104a10a6374a,1fe4b08ebcd07312a181db32eca2e7a1e2b8323f83d6068dc6744eab0f840788,18,18,1,True
fightguy,air.3,manki,small,0.75,stationary,straight,low,falling,ed91019bc96fe42db06f75d55c5f531fa6c1df0805b38920036272d96e762722,9649abee60e9109b4a8420c0348ae9562ec4fd3c5a081ad4157aa00cb72a3c39,234b9cb6c244f8debee3dcf5e40b87d2afb3f58148f55122d37f104a10a6374a,1fe4b08ebcd07312a181db32eca2e7a1e2b8323f83d6068dc6744eab0f840788,19,23,5,True
fightguy,air.3,manki,small,1.25,stationary,oblique,low,falling,ed91019bc96fe42db06f75d55c5f531fa6c1df0805b38920036272d96e762722,9649abee60e9109b4a8420c0348ae9562ec4fd3c5a081ad4157aa00cb72a3c39,234b9cb6c244f8debee3dcf5e40b87d2afb3f58148f55122d37f104a10a6374a,1fe4b08ebcd07312a181db32eca2e7a1e2b8323f83d6068dc6744eab0f840788,20,23,4,True
fightguy,air.3,manki,small,1.25,stationary,straight,low,falling,ed91019bc96fe42db06f75d55c5f531fa6c1df0805b38920036272d96e762722,9649abee60e9109b4a8420c0348ae9562ec4fd3c5a081ad4157aa00cb72a3c39,234b9cb6c244f8debee3dcf5e40b87d2afb3f58148f55122d37f104a10a6374a,1fe4b08ebcd07312a181db32eca2e7a1e2b8323f83d6068dc6744eab0f840788,20,23,4,True
fightguy,air.4,kistu,large,0.75,stationary,oblique,low,rising,ed91019bc96fe42db06f75d55c5f531fa6c1df0805b38920036272d96e762722,9649abee60e9109b4a8420c0348ae9562ec4fd3c5a081ad4157aa00cb72a3c39,fa55982d486e030d74a495895b3b72699680abad4e783454712ae1f8bb179b38,a85422b84a369233fc1f84dfb53410c264bc31e0ef39a7a3e7c5470a213cf010,6,17,12,True
fightguy,air.4,kistu,large,0.75,stationary,oblique,running,rising,ed91019bc96fe42db06f75d55c5f531fa6c1df0805b38920036272d96e762722,9649abee60e9109b4a8420c0348ae9562ec4fd3c5a081ad4157aa00cb72a3c39,fa55982d486e030d74a495895b3b72699680abad4e783454712ae1f8bb179b38,a85422b84a369233fc1f84dfb53410c264bc31e0ef39a7a3e7c5470a213cf010,5,13,9,True
fightguy,air.4,kistu,large,0.75,stationary,straight,low,rising,ed91019bc96fe42db06f75d55c5f531fa6c1df0805b38920036272d96e762722,9649abee60e9109b4a8420c0348ae9562ec4fd3c5a081ad4157aa00cb72a3c39,fa55982d486e030d74a495895b3b72699680abad4e783454712ae1f8bb179b38,a85422b84a369233fc1f84dfb53410c264bc31e0ef39a7a3e7c5470a213cf010,6,17,12,True
fightguy,air.4,kistu,large,0.75,stationary,straight,running,rising,ed91019bc96fe42db06f75d55c5f531fa6c1df0805b38920036272d96e762722,9649abee60e9109b4a8420c0348ae9562ec4fd3c5a081ad4157aa00cb72a3c39,fa55982d486e030d74a495895b3b72699680abad4e783454712ae1f8bb179b38,a85422b84a369233fc1f84dfb53410c264bc31e0ef39a7a3e7c5470a213cf010,6,14,9,True
fightguy,air.4,kistu,large,1.25,stationary,oblique,low,rising,ed91019bc96fe42db06f75d55c5f531fa6c1df0805b38920036272d96e762722,9649abee60e9109b4a8420c0348ae9562ec4fd3c5a081ad4157aa00cb72a3c39,fa55982d486e030d74a495895b3b72699680abad4e783454712ae1f8bb179b38,a85422b84a369233fc1f84dfb53410c264bc31e0ef39a7a3e7c5470a213cf010,8,16,9,True
fightguy,air.4,kistu,large,1.25,stationary,oblique,running,rising,ed91019bc96fe42db06f75d55c5f531fa6c1df0805b38920036272d96e762722,9649abee60e9109b4a8420c0348ae9562ec4fd3c5a081ad4157aa00cb72a3c39,fa55982d486e030d74a495895b3b72699680abad4e783454712ae1f8bb179b38,a85422b84a369233fc1f84dfb53410c264bc31e0ef39a7a3e7c5470a213cf010,6,14,9,True
fightguy,air.4,kistu,large,1.25,stationary,straight,low,rising,ed91019bc96fe42db06f75d55c5f531fa6c1df0805b38920036272d96e762722,9649abee60e9109b4a8420c0348ae9562ec4fd3c5a081ad4157aa00cb72a3c39,fa55982d486e030d74a495895b3b72699680abad4e783454712ae1f8bb179b38,a85422b84a369233fc1f84dfb53410c264bc31e0ef39a7a3e7c5470a213cf010,8,16,9,True
fightguy,air.4,kistu,large,1.25,stationary,straight,running,rising,ed91019bc96fe42db06f75d55c5f531fa6c1df0805b38920036272d96e762722,9649abee60e9109b4a8420c0348ae9562ec4fd3c5a081ad4157aa00cb72a3c39,fa55982d486e030d74a495895b3b72699680abad4e783454712ae1f8bb179b38,a85422b84a369233fc1f84dfb53410c264bc31e0ef39a7a3e7c5470a213cf010,6,14,9,True
fightguy,air.4,kistu,large,1.75,stationary,oblique,running,rising,ed91019bc96fe42db06f75d55c5f531fa6c1df0805b38920036272d96e762722,9649abee60e9109b4a8420c0348ae9562ec4fd3c5a081ad4157aa00cb72a3c39,fa55982d486e030d74a495895b3b72699680abad4e783454712ae1f8bb179b38,a85422b84a369233fc1f84dfb53410c264bc31e0ef39a7a3e7c5470a213cf010,6,14,9,True
fightguy,air.4,kistu,large,1.75,stationary,straight,running,rising,ed91019bc96fe42db06f75d55c5f531fa6c1df0805b38920036272d96e762722,9649abee60e9109b4a8420c0348ae9562ec4fd3c5a081ad4157aa00cb72a3c39,fa55982d486e030d74a495895b3b72699680abad4e783454712ae1f8bb179b38,a85422b84a369233fc1f84dfb53410c264bc31e0ef39a7a3e7c5470a213cf010,6,14,9,True
fightguy,air.4,kistu,large,2.25,stationary,oblique,running,rising,ed91019bc96fe42db06f75d55c5f531fa6c1df0805b38920036272d96e762722,9649abee60e9109b4a8420c0348ae9562ec4fd3c5a081ad4157aa00cb72a3c39,fa55982d486e030d74a495895b3b72699680abad4e783454712ae1f8bb179b38,a85422b84a369233fc1f84dfb53410c264bc31e0ef39a7a3e7c5470a213cf010,6,12,7,True
fightguy,air.4,kistu,large,2.25,stationary,straight,running,rising,ed91019bc96fe42db06f75d55c5f531fa6c1df0805b38920036272d96e762722,9649abee60e9109b4a8420c0348ae9562ec4fd3c5a081ad4157aa00cb72a3c39,fa55982d486e030d74a495895b3b72699680abad4e783454712ae1f8bb179b38,a85422b84a369233fc1f84dfb53410c264bc31e0ef39a7a3e7c5470a213cf010,6,14,9,True
fightguy,air.4,manki,small,0.75,stationary,oblique,low,rising,ed91019bc96fe42db06f75d55c5f531fa6c1df0805b38920036272d96e762722,9649abee60e9109b4a8420c0348ae9562ec4fd3c5a081ad4157aa00cb72a3c39,234b9cb6c244f8debee3dcf5e40b87d2afb3f58148f55122d37f104a10a6374a,1fe4b08ebcd07312a181db32eca2e7a1e2b8323f83d6068dc6744eab0f840788,9,16,8,True
fightguy,air.4,manki,small,0.75,stationary,straight,low,rising,ed91019bc96fe42db06f75d55c5f531fa6c1df0805b38920036272d96e762722,9649abee60e9109b4a8420c0348ae9562ec4fd3c5a081ad4157aa00cb72a3c39,234b9cb6c244f8debee3dcf5e40b87d2afb3f58148f55122d37f104a10a6374a,1fe4b08ebcd07312a181db32eca2e7a1e2b8323f83d6068dc6744eab0f840788,9,16,8,True
fightguy,air.4,manki,small,1.25,stationary,oblique,low,rising,ed91019bc96fe42db06f75d55c5f531fa6c1df0805b38920036272d96e762722,9649abee60e9109b4a8420c0348ae9562ec4fd3c5a081ad4157aa00cb72a3c39,234b9cb6c244f8debee3dcf5e40b87d2afb3f58148f55122d37f104a10a6374a,1fe4b08ebcd07312a181db32eca2e7a1e2b8323f83d6068dc6744eab0f840788,9,16,8,True
fightguy,air.4,manki,small,1.25,stationary,straight,low,rising,ed91019bc96fe42db06f75d55c5f531fa6c1df0805b38920036272d96e762722,9649abee60e9109b4a8420c0348ae9562ec4fd3c5a081ad4157aa00cb72a3c39,234b9cb6c244f8debee3dcf5e40b87d2afb3f58148f55122d37f104a10a6374a,1fe4b08ebcd07312a181db32eca2e7a1e2b8323f83d6068dc6744eab0f840788,9,16,8,True
kistu,air.1,kistu,large,0.75,stationary,oblique,low,falling,fa55982d486e030d74a495895b3b72699680abad4e783454712ae1f8bb179b38,a85422b84a369233fc1f84dfb53410c264bc31e0ef39a7a3e7c5470a213cf010,fa55982d486e030d74a495895b3b72699680abad4e783454712ae1f8bb179b38,a85422b84a369233fc1f84dfb53410c264bc31e0ef39a7a3e7c5470a213cf010,23,29,7,True
kistu,air.1,kistu,large,0.75,stationary,straight,low,falling,fa55982d486e030d74a495895b3b72699680abad4e783454712ae1f8bb179b38,a85422b84a369233fc1f84dfb53410c264bc31e0ef39a7a3e7c5470a213cf010,fa55982d486e030d74a495895b3b72699680abad4e783454712ae1f8bb179b38,a85422b84a369233fc1f84dfb53410c264bc31e0ef39a7a3e7c5470a213cf010,23,29,7,True
kistu,air.1,kistu,large,1.25,stationary,oblique,low,falling,fa55982d486e030d74a495895b3b72699680abad4e783454712ae1f8bb179b38,a85422b84a369233fc1f84dfb53410c264bc31e0ef39a7a3e7c5470a213cf010,fa55982d486e030d74a495895b3b72699680abad4e783454712ae1f8bb179b38,a85422b84a369233fc1f84dfb53410c264bc31e0ef39a7a3e7c5470a213cf010,26,29,4,True
kistu,air.1,kistu,large,1.25,stationary,straight,low,falling,fa55982d486e030d74a495895b3b72699680abad4e783454712ae1f8bb179b38,a85422b84a369233fc1f84dfb53410c264bc31e0ef39a7a3e7c5470a213cf010,fa55982d486e030d74a495895b3b72699680abad4e783454712ae1f8bb179b38,a85422b84a369233fc1f84dfb53410c264bc31e0ef39a7a3e7c5470a213cf010,26,29,4,True
kistu,air.1,manki,small,0.75,stationary,oblique,low,falling,fa55982d486e030d74a495895b3b72699680abad4e783454712ae1f8bb179b38,a85422b84a369233fc1f84dfb53410c264bc31e0ef39a7a3e7c5470a213cf010,234b9cb6c244f8debee3dcf5e40b87d2afb3f58148f55122d37f104a10a6374a,1fe4b08ebcd07312a181db32eca2e7a1e2b8323f83d6068dc6744eab0f840788,26,29,4,True
kistu,air.1,manki,small,0.75,stationary,straight,low,falling,fa55982d486e030d74a495895b3b72699680abad4e783454712ae1f8bb179b38,a85422b84a369233fc1f84dfb53410c264bc31e0ef39a7a3e7c5470a213cf010,234b9cb6c244f8debee3dcf5e40b87d2afb3f58148f55122d37f104a10a6374a,1fe4b08ebcd07312a181db32eca2e7a1e2b8323f83d6068dc6744eab0f840788,26,29,4,True
kistu,air.1,manki,small,1.25,stationary,oblique,low,falling,fa55982d486e030d74a495895b3b72699680abad4e783454712ae1f8bb179b38,a85422b84a369233fc1f84dfb53410c264bc31e0ef39a7a3e7c5470a213cf010,234b9cb6c244f8debee3dcf5e40b87d2afb3f58148f55122d37f104a10a6374a,1fe4b08ebcd07312a181db32eca2e7a1e2b8323f83d6068dc6744eab0f840788,28,28,1,True
kistu,air.1,manki,small,1.25,stationary,straight,low,falling,fa55982d486e030d74a495895b3b72699680abad4e783454712ae1f8bb179b38,a85422b84a369233fc1f84dfb53410c264bc31e0ef39a7a3e7c5470a213cf010,234b9cb6c244f8debee3dcf5e40b87d2afb3f58148f55122d37f104a10a6374a,1fe4b08ebcd07312a181db32eca2e7a1e2b8323f83d6068dc6744eab0f840788,28,28,1,True
kistu,air.2,kistu,large,0.75,stationary,oblique,low,falling,fa55982d486e030d74a495895b3b72699680abad4e783454712ae1f8bb179b38,a85422b84a369233fc1f84dfb53410c264bc31e0ef39a7a3e7c5470a213cf010,fa55982d486e030d74a495895b3b72699680abad4e783454712ae1f8bb179b38,a85422b84a369233fc1f84dfb53410c264bc31e0ef39a7a3e7c5470a213cf010,26,31,6,True
kistu,air.2,kistu,large,0.75,stationary,straight,low,falling,fa55982d486e030d74a495895b3b72699680abad4e783454712ae1f8bb179b38,a85422b84a369233fc1f84dfb53410c264bc31e0ef39a7a3e7c5470a213cf010,fa55982d486e030d74a495895b3b72699680abad4e783454712ae1f8bb179b38,a85422b84a369233fc1f84dfb53410c264bc31e0ef39a7a3e7c5470a213cf010,26,31,6,True
kistu,air.2,kistu,large,1.25,stationary,oblique,low,falling,fa55982d486e030d74a495895b3b72699680abad4e783454712ae1f8bb179b38,a85422b84a369233fc1f84dfb53410c264bc31e0ef39a7a3e7c5470a213cf010,fa55982d486e030d74a495895b3b72699680abad4e783454712ae1f8bb179b38,a85422b84a369233fc1f84dfb53410c264bc31e0ef39a7a3e7c5470a213cf010,27,29,3,True
kistu,air.2,kistu,large,1.25,stationary,straight,low,falling,fa55982d486e030d74a495895b3b72699680abad4e783454712ae1f8bb179b38,a85422b84a369233fc1f84dfb53410c264bc31e0ef39a7a3e7c5470a213cf010,fa55982d486e030d74a495895b3b72699680abad4e783454712ae1f8bb179b38,a85422b84a369233fc1f84dfb53410c264bc31e0ef39a7a3e7c5470a213cf010,27,29,3,True
kistu,air.2,manki,small,0.75,stationary,oblique,low,falling,fa55982d486e030d74a495895b3b72699680abad4e783454712ae1f8bb179b38,a85422b84a369233fc1f84dfb53410c264bc31e0ef39a7a3e7c5470a213cf010,234b9cb6c244f8debee3dcf5e40b87d2afb3f58148f55122d37f104a10a6374a,1fe4b08ebcd07312a181db32eca2e7a1e2b8323f83d6068dc6744eab0f840788,28,30,3,True
kistu,air.2,manki,small,0.75,stationary,straight,low,falling,fa55982d486e030d74a495895b3b72699680abad4e783454712ae1f8bb179b38,a85422b84a369233fc1f84dfb53410c264bc31e0ef39a7a3e7c5470a213cf010,234b9cb6c244f8debee3dcf5e40b87d2afb3f58148f55122d37f104a10a6374a,1fe4b08ebcd07312a181db32eca2e7a1e2b8323f83d6068dc6744eab0f840788,28,30,3,True
kistu,air.2,manki,small,1.25,stationary,oblique,low,falling,fa55982d486e030d74a495895b3b72699680abad4e783454712ae1f8bb179b38,a85422b84a369233fc1f84dfb53410c264bc31e0ef39a7a3e7c5470a213cf010,234b9cb6c244f8debee3dcf5e40b87d2afb3f58148f55122d37f104a10a6374a,1fe4b08ebcd07312a181db32eca2e7a1e2b8323f83d6068dc6744eab0f840788,29,29,1,True
kistu,air.2,manki,small,1.25,stationary,straight,low,falling,fa55982d486e030d74a495895b3b72699680abad4e783454712ae1f8bb179b38,a85422b84a369233fc1f84dfb53410c264bc31e0ef39a7a3e7c5470a213cf010,234b9cb6c244f8debee3dcf5e40b87d2afb3f58148f55122d37f104a10a6374a,1fe4b08ebcd07312a181db32eca2e7a1e2b8323f83d6068dc6744eab0f840788,29,29,1,True
kistu,air.3,kistu,large,0.75,stationary,oblique,low,rising,fa55982d486e030d74a495895b3b72699680abad4e783454712ae1f8bb179b38,a85422b84a369233fc1f84dfb53410c264bc31e0ef39a7a3e7c5470a213cf010,fa55982d486e030d74a495895b3b72699680abad4e783454712ae1f8bb179b38,a85422b84a369233fc1f84dfb53410c264bc31e0ef39a7a3e7c5470a213cf010,0,3,4,True
kistu,air.3,kistu,large,0.75,stationary,oblique,low,falling,fa55982d486e030d74a495895b3b72699680abad4e783454712ae1f8bb179b38,a85422b84a369233fc1f84dfb53410c264bc31e0ef39a7a3e7c5470a213cf010,fa55982d486e030d74a495895b3b72699680abad4e783454712ae1f8bb179b38,a85422b84a369233fc1f84dfb53410c264bc31e0ef39a7a3e7c5470a213cf010,28,34,7,True
kistu,air.3,kistu,large,0.75,stationary,oblique,running,rising,fa55982d486e030d74a495895b3b72699680abad4e783454712ae1f8bb179b38,a85422b84a369233fc1f84dfb53410c264bc31e0ef39a7a3e7c5470a213cf010,fa55982d486e030d74a495895b3b72699680abad4e783454712ae1f8bb179b38,a85422b84a369233fc1f84dfb53410c264bc31e0ef39a7a3e7c5470a213cf010,0,1,2,True
kistu,air.3,kistu,large,0.75,stationary,straight,low,rising,fa55982d486e030d74a495895b3b72699680abad4e783454712ae1f8bb179b38,a85422b84a369233fc1f84dfb53410c264bc31e0ef39a7a3e7c5470a213cf010,fa55982d486e030d74a495895b3b72699680abad4e783454712ae1f8bb179b38,a85422b84a369233fc1f84dfb53410c264bc31e0ef39a7a3e7c5470a213cf010,0,3,4,True
kistu,air.3,kistu,large,0.75,stationary,straight,low,falling,fa55982d486e030d74a495895b3b72699680abad4e783454712ae1f8bb179b38,a85422b84a369233fc1f84dfb53410c264bc31e0ef39a7a3e7c5470a213cf010,fa55982d486e030d74a495895b3b72699680abad4e783454712ae1f8bb179b38,a85422b84a369233fc1f84dfb53410c264bc31e0ef39a7a3e7c5470a213cf010,28,34,7,True
kistu,air.3,kistu,large,0.75,stationary,straight,running,rising,fa55982d486e030d74a495895b3b72699680abad4e783454712ae1f8bb179b38,a85422b84a369233fc1f84dfb53410c264bc31e0ef39a7a3e7c5470a213cf010,fa55982d486e030d74a495895b3b72699680abad4e783454712ae1f8bb179b38,a85422b84a369233fc1f84dfb53410c264bc31e0ef39a7a3e7c5470a213cf010,0,1,2,True
kistu,air.3,kistu,large,1.25,stationary,oblique,low,falling,fa55982d486e030d74a495895b3b72699680abad4e783454712ae1f8bb179b38,a85422b84a369233fc1f84dfb53410c264bc31e0ef39a7a3e7c5470a213cf010,fa55982d486e030d74a495895b3b72699680abad4e783454712ae1f8bb179b38,a85422b84a369233fc1f84dfb53410c264bc31e0ef39a7a3e7c5470a213cf010,32,32,1,True
kistu,air.3,kistu,large,1.25,stationary,oblique,running,rising,fa55982d486e030d74a495895b3b72699680abad4e783454712ae1f8bb179b38,a85422b84a369233fc1f84dfb53410c264bc31e0ef39a7a3e7c5470a213cf010,fa55982d486e030d74a495895b3b72699680abad4e783454712ae1f8bb179b38,a85422b84a369233fc1f84dfb53410c264bc31e0ef39a7a3e7c5470a213cf010,0,2,3,True
kistu,air.3,kistu,large,1.25,stationary,straight,low,falling,fa55982d486e030d74a495895b3b72699680abad4e783454712ae1f8bb179b38,a85422b84a369233fc1f84dfb53410c264bc31e0ef39a7a3e7c5470a213cf010,fa55982d486e030d74a495895b3b72699680abad4e783454712ae1f8bb179b38,a85422b84a369233fc1f84dfb53410c264bc31e0ef39a7a3e7c5470a213cf010,32,32,1,True
kistu,air.3,kistu,large,1.25,stationary,straight,running,rising,fa55982d486e030d74a495895b3b72699680abad4e783454712ae1f8bb179b38,a85422b84a369233fc1f84dfb53410c264bc31e0ef39a7a3e7c5470a213cf010,fa55982d486e030d74a495895b3b72699680abad4e783454712ae1f8bb179b38,a85422b84a369233fc1f84dfb53410c264bc31e0ef39a7a3e7c5470a213cf010,0,1,2,True
kistu,air.3,kistu,large,1.75,stationary,oblique,running,rising,fa55982d486e030d74a495895b3b72699680abad4e783454712ae1f8bb179b38,a85422b84a369233fc1f84dfb53410c264bc31e0ef39a7a3e7c5470a213cf010,fa55982d486e030d74a495895b3b72699680abad4e783454712ae1f8bb179b38,a85422b84a369233fc1f84dfb53410c264bc31e0ef39a7a3e7c5470a213cf010,1,2,2,True
kistu,air.3,kistu,large,1.75,stationary,straight,running,rising,fa55982d486e030d74a495895b3b72699680abad4e783454712ae1f8bb179b38,a85422b84a369233fc1f84dfb53410c264bc31e0ef39a7a3e7c5470a213cf010,fa55982d486e030d74a495895b3b72699680abad4e783454712ae1f8bb179b38,a85422b84a369233fc1f84dfb53410c264bc31e0ef39a7a3e7c5470a213cf010,1,2,2,True
kistu,air.3,manki,small,0.75,stationary,oblique,low,rising,fa55982d486e030d74a495895b3b72699680abad4e783454712ae1f8bb179b38,a85422b84a369233fc1f84dfb53410c264bc31e0ef39a7a3e7c5470a213cf010,234b9cb6c244f8debee3dcf5e40b87d2afb3f58148f55122d37f104a10a6374a,1fe4b08ebcd07312a181db32eca2e7a1e2b8323f83d6068dc6744eab0f840788,0,0,1,True
kistu,air.3,manki,small,0.75,stationary,oblique,low,falling,fa55982d486e030d74a495895b3b72699680abad4e783454712ae1f8bb179b38,a85422b84a369233fc1f84dfb53410c264bc31e0ef39a7a3e7c5470a213cf010,234b9cb6c244f8debee3dcf5e40b87d2afb3f58148f55122d37f104a10a6374a,1fe4b08ebcd07312a181db32eca2e7a1e2b8323f83d6068dc6744eab0f840788,31,34,4,True
kistu,air.3,manki,small,0.75,stationary,straight,low,rising,fa55982d486e030d74a495895b3b72699680abad4e783454712ae1f8bb179b38,a85422b84a369233fc1f84dfb53410c264bc31e0ef39a7a3e7c5470a213cf010,234b9cb6c244f8debee3dcf5e40b87d2afb3f58148f55122d37f104a10a6374a,1fe4b08ebcd07312a181db32eca2e7a1e2b8323f83d6068dc6744eab0f840788,0,0,1,True
kistu,air.3,manki,small,0.75,stationary,straight,low,falling,fa55982d486e030d74a495895b3b72699680abad4e783454712ae1f8bb179b38,a85422b84a369233fc1f84dfb53410c264bc31e0ef39a7a3e7c5470a213cf010,234b9cb6c244f8debee3dcf5e40b87d2afb3f58148f55122d37f104a10a6374a,1fe4b08ebcd07312a181db32eca2e7a1e2b8323f83d6068dc6744eab0f840788,31,34,4,True
kistu,air.4,kistu,large,0.75,stationary,oblique,low,apex,fa55982d486e030d74a495895b3b72699680abad4e783454712ae1f8bb179b38,a85422b84a369233fc1f84dfb53410c264bc31e0ef39a7a3e7c5470a213cf010,fa55982d486e030d74a495895b3b72699680abad4e783454712ae1f8bb179b38,a85422b84a369233fc1f84dfb53410c264bc31e0ef39a7a3e7c5470a213cf010,18,18,1,True
kistu,air.4,kistu,large,0.75,stationary,oblique,low,falling,fa55982d486e030d74a495895b3b72699680abad4e783454712ae1f8bb179b38,a85422b84a369233fc1f84dfb53410c264bc31e0ef39a7a3e7c5470a213cf010,fa55982d486e030d74a495895b3b72699680abad4e783454712ae1f8bb179b38,a85422b84a369233fc1f84dfb53410c264bc31e0ef39a7a3e7c5470a213cf010,19,24,6,True
kistu,air.4,kistu,large,0.75,stationary,straight,low,apex,fa55982d486e030d74a495895b3b72699680abad4e783454712ae1f8bb179b38,a85422b84a369233fc1f84dfb53410c264bc31e0ef39a7a3e7c5470a213cf010,fa55982d486e030d74a495895b3b72699680abad4e783454712ae1f8bb179b38,a85422b84a369233fc1f84dfb53410c264bc31e0ef39a7a3e7c5470a213cf010,18,18,1,True
kistu,air.4,kistu,large,0.75,stationary,straight,low,falling,fa55982d486e030d74a495895b3b72699680abad4e783454712ae1f8bb179b38,a85422b84a369233fc1f84dfb53410c264bc31e0ef39a7a3e7c5470a213cf010,fa55982d486e030d74a495895b3b72699680abad4e783454712ae1f8bb179b38,a85422b84a369233fc1f84dfb53410c264bc31e0ef39a7a3e7c5470a213cf010,19,24,6,True
kistu,air.4,kistu,large,1.25,stationary,oblique,low,falling,fa55982d486e030d74a495895b3b72699680abad4e783454712ae1f8bb179b38,a85422b84a369233fc1f84dfb53410c264bc31e0ef39a7a3e7c5470a213cf010,fa55982d486e030d74a495895b3b72699680abad4e783454712ae1f8bb179b38,a85422b84a369233fc1f84dfb53410c264bc31e0ef39a7a3e7c5470a213cf010,21,23,3,True
kistu,air.4,kistu,large,1.25,stationary,straight,low,falling,fa55982d486e030d74a495895b3b72699680abad4e783454712ae1f8bb179b38,a85422b84a369233fc1f84dfb53410c264bc31e0ef39a7a3e7c5470a213cf010,fa55982d486e030d74a495895b3b72699680abad4e783454712ae1f8bb179b38,a85422b84a369233fc1f84dfb53410c264bc31e0ef39a7a3e7c5470a213cf010,21,23,3,True
kistu,air.4,manki,small,0.75,stationary,oblique,low,falling,fa55982d486e030d74a495895b3b72699680abad4e783454712ae1f8bb179b38,a85422b84a369233fc1f84dfb53410c264bc31e0ef39a7a3e7c5470a213cf010,234b9cb6c244f8debee3dcf5e40b87d2afb3f58148f55122d37f104a10a6374a,1fe4b08ebcd07312a181db32eca2e7a1e2b8323f83d6068dc6744eab0f840788,21,23,3,True
kistu,air.4,manki,small,0.75,stationary,straight,low,falling,fa55982d486e030d74a495895b3b72699680abad4e783454712ae1f8bb179b38,a85422b84a369233fc1f84dfb53410c264bc31e0ef39a7a3e7c5470a213cf010,234b9cb6c244f8debee3dcf5e40b87d2afb3f58148f55122d37f104a10a6374a,1fe4b08ebcd07312a181db32eca2e7a1e2b8323f83d6068dc6744eab0f840788,21,23,3,True
kistu,air.4,manki,small,1.25,stationary,oblique,low,falling,fa55982d486e030d74a495895b3b72699680abad4e783454712ae1f8bb179b38,a85422b84a369233fc1f84dfb53410c264bc31e0ef39a7a3e7c5470a213cf010,234b9cb6c244f8debee3dcf5e40b87d2afb3f58148f55122d37f104a10a6374a,1fe4b08ebcd07312a181db32eca2e7a1e2b8323f83d6068dc6744eab0f840788,23,23,1,True
kistu,air.4,manki,small,1.25,stationary,straight,low,falling,fa55982d486e030d74a495895b3b72699680abad4e783454712ae1f8bb179b38,a85422b84a369233fc1f84dfb53410c264bc31e0ef39a7a3e7c5470a213cf010,234b9cb6c244f8debee3dcf5e40b87d2afb3f58148f55122d37f104a10a6374a,1fe4b08ebcd07312a181db32eca2e7a1e2b8323f83d6068dc6744eab0f840788,23,23,1,True
manki,air.1,kistu,large,0.75,stationary,oblique,low,rising,234b9cb6c244f8debee3dcf5e40b87d2afb3f58148f55122d37f104a10a6374a,1fe4b08ebcd07312a181db32eca2e7a1e2b8323f83d6068dc6744eab0f840788,fa55982d486e030d74a495895b3b72699680abad4e783454712ae1f8bb179b38,a85422b84a369233fc1f84dfb53410c264bc31e0ef39a7a3e7c5470a213cf010,15,17,3,True
manki,air.1,kistu,large,0.75,stationary,oblique,low,apex,234b9cb6c244f8debee3dcf5e40b87d2afb3f58148f55122d37f104a10a6374a,1fe4b08ebcd07312a181db32eca2e7a1e2b8323f83d6068dc6744eab0f840788,fa55982d486e030d74a495895b3b72699680abad4e783454712ae1f8bb179b38,a85422b84a369233fc1f84dfb53410c264bc31e0ef39a7a3e7c5470a213cf010,18,18,1,True
manki,air.1,kistu,large,0.75,stationary,oblique,low,falling,234b9cb6c244f8debee3dcf5e40b87d2afb3f58148f55122d37f104a10a6374a,1fe4b08ebcd07312a181db32eca2e7a1e2b8323f83d6068dc6744eab0f840788,fa55982d486e030d74a495895b3b72699680abad4e783454712ae1f8bb179b38,a85422b84a369233fc1f84dfb53410c264bc31e0ef39a7a3e7c5470a213cf010,19,29,11,True
manki,air.1,kistu,large,0.75,stationary,straight,low,rising,234b9cb6c244f8debee3dcf5e40b87d2afb3f58148f55122d37f104a10a6374a,1fe4b08ebcd07312a181db32eca2e7a1e2b8323f83d6068dc6744eab0f840788,fa55982d486e030d74a495895b3b72699680abad4e783454712ae1f8bb179b38,a85422b84a369233fc1f84dfb53410c264bc31e0ef39a7a3e7c5470a213cf010,15,17,3,True
manki,air.1,kistu,large,0.75,stationary,straight,low,apex,234b9cb6c244f8debee3dcf5e40b87d2afb3f58148f55122d37f104a10a6374a,1fe4b08ebcd07312a181db32eca2e7a1e2b8323f83d6068dc6744eab0f840788,fa55982d486e030d74a495895b3b72699680abad4e783454712ae1f8bb179b38,a85422b84a369233fc1f84dfb53410c264bc31e0ef39a7a3e7c5470a213cf010,18,18,1,True
manki,air.1,kistu,large,0.75,stationary,straight,low,falling,234b9cb6c244f8debee3dcf5e40b87d2afb3f58148f55122d37f104a10a6374a,1fe4b08ebcd07312a181db32eca2e7a1e2b8323f83d6068dc6744eab0f840788,fa55982d486e030d74a495895b3b72699680abad4e783454712ae1f8bb179b38,a85422b84a369233fc1f84dfb53410c264bc31e0ef39a7a3e7c5470a213cf010,19,29,11,True
manki,air.1,kistu,large,0.75,stationary,straight,running,rising,234b9cb6c244f8debee3dcf5e40b87d2afb3f58148f55122d37f104a10a6374a,1fe4b08ebcd07312a181db32eca2e7a1e2b8323f83d6068dc6744eab0f840788,fa55982d486e030d74a495895b3b72699680abad4e783454712ae1f8bb179b38,a85422b84a369233fc1f84dfb53410c264bc31e0ef39a7a3e7c5470a213cf010,15,15,1,True
manki,air.1,kistu,large,1.25,stationary,straight,running,rising,234b9cb6c244f8debee3dcf5e40b87d2afb3f58148f55122d37f104a10a6374a,1fe4b08ebcd07312a181db32eca2e7a1e2b8323f83d6068dc6744eab0f840788,fa55982d486e030d74a495895b3b72699680abad4e783454712ae1f8bb179b38,a85422b84a369233fc1f84dfb53410c264bc31e0ef39a7a3e7c5470a213cf010,15,15,1,True
manki,air.1,kistu,large,1.75,stationary,straight,running,rising,234b9cb6c244f8debee3dcf5e40b87d2afb3f58148f55122d37f104a10a6374a,1fe4b08ebcd07312a181db32eca2e7a1e2b8323f83d6068dc6744eab0f840788,fa55982d486e030d74a495895b3b72699680abad4e783454712ae1f8bb179b38,a85422b84a369233fc1f84dfb53410c264bc31e0ef39a7a3e7c5470a213cf010,15,15,1,True
manki,air.1,kistu,large,2.25,stationary,straight,running,rising,234b9cb6c244f8debee3dcf5e40b87d2afb3f58148f55122d37f104a10a6374a,1fe4b08ebcd07312a181db32eca2e7a1e2b8323f83d6068dc6744eab0f840788,fa55982d486e030d74a495895b3b72699680abad4e783454712ae1f8bb179b38,a85422b84a369233fc1f84dfb53410c264bc31e0ef39a7a3e7c5470a213cf010,15,15,1,True
manki,air.1,manki,small,0.75,stationary,oblique,low,apex,234b9cb6c244f8debee3dcf5e40b87d2afb3f58148f55122d37f104a10a6374a,1fe4b08ebcd07312a181db32eca2e7a1e2b8323f83d6068dc6744eab0f840788,234b9cb6c244f8debee3dcf5e40b87d2afb3f58148f55122d37f104a10a6374a,1fe4b08ebcd07312a181db32eca2e7a1e2b8323f83d6068dc6744eab0f840788,18,18,1,True
manki,air.1,manki,small,0.75,stationary,oblique,low,falling,234b9cb6c244f8debee3dcf5e40b87d2afb3f58148f55122d37f104a10a6374a,1fe4b08ebcd07312a181db32eca2e7a1e2b8323f83d6068dc6744eab0f840788,234b9cb6c244f8debee3dcf5e40b87d2afb3f58148f55122d37f104a10a6374a,1fe4b08ebcd07312a181db32eca2e7a1e2b8323f83d6068dc6744eab0f840788,19,20,2,False
manki,air.1,manki,small,0.75,stationary,oblique,low,falling,234b9cb6c244f8debee3dcf5e40b87d2afb3f58148f55122d37f104a10a6374a,1fe4b08ebcd07312a181db32eca2e7a1e2b8323f83d6068dc6744eab0f840788,234b9cb6c244f8debee3dcf5e40b87d2afb3f58148f55122d37f104a10a6374a,1fe4b08ebcd07312a181db32eca2e7a1e2b8323f83d6068dc6744eab0f840788,24,28,5,True
manki,air.1,manki,small,0.75,stationary,straight,low,apex,234b9cb6c244f8debee3dcf5e40b87d2afb3f58148f55122d37f104a10a6374a,1fe4b08ebcd07312a181db32eca2e7a1e2b8323f83d6068dc6744eab0f840788,234b9cb6c244f8debee3dcf5e40b87d2afb3f58148f55122d37f104a10a6374a,1fe4b08ebcd07312a181db32eca2e7a1e2b8323f83d6068dc6744eab0f840788,18,18,1,True
manki,air.1,manki,small,0.75,stationary,straight,low,falling,234b9cb6c244f8debee3dcf5e40b87d2afb3f58148f55122d37f104a10a6374a,1fe4b08ebcd07312a181db32eca2e7a1e2b8323f83d6068dc6744eab0f840788,234b9cb6c244f8debee3dcf5e40b87d2afb3f58148f55122d37f104a10a6374a,1fe4b08ebcd07312a181db32eca2e7a1e2b8323f83d6068dc6744eab0f840788,19,20,2,False
manki,air.1,manki,small,0.75,stationary,straight,low,falling,234b9cb6c244f8debee3dcf5e40b87d2afb3f58148f55122d37f104a10a6374a,1fe4b08ebcd07312a181db32eca2e7a1e2b8323f83d6068dc6744eab0f840788,234b9cb6c244f8debee3dcf5e40b87d2afb3f58148f55122d37f104a10a6374a,1fe4b08ebcd07312a181db32eca2e7a1e2b8323f83d6068dc6744eab0f840788,24,28,5,True
manki,air.2,kistu,large,0.75,stationary,oblique,low,rising,234b9cb6c244f8debee3dcf5e40b87d2afb3f58148f55122d37f104a10a6374a,1fe4b08ebcd07312a181db32eca2e7a1e2b8323f83d6068dc6744eab0f840788,fa55982d486e030d74a495895b3b72699680abad4e783454712ae1f8bb179b38,a85422b84a369233fc1f84dfb53410c264bc31e0ef39a7a3e7c5470a213cf010,0,17,18,True
manki,air.2,kistu,large,0.75,stationary,oblique,low,apex,234b9cb6c244f8debee3dcf5e40b87d2afb3f58148f55122d37f104a10a6374a,1fe4b08ebcd07312a181db32eca2e7a1e2b8323f83d6068dc6744eab0f840788,fa55982d486e030d74a495895b3b72699680abad4e783454712ae1f8bb179b38,a85422b84a369233fc1f84dfb53410c264bc31e0ef39a7a3e7c5470a213cf010,18,18,1,True
manki,air.2,kistu,large,0.75,stationary,oblique,low,falling,234b9cb6c244f8debee3dcf5e40b87d2afb3f58148f55122d37f104a10a6374a,1fe4b08ebcd07312a181db32eca2e7a1e2b8323f83d6068dc6744eab0f840788,fa55982d486e030d74a495895b3b72699680abad4e783454712ae1f8bb179b38,a85422b84a369233fc1f84dfb53410c264bc31e0ef39a7a3e7c5470a213cf010,19,29,11,True
manki,air.2,kistu,large,0.75,stationary,oblique,running,rising,234b9cb6c244f8debee3dcf5e40b87d2afb3f58148f55122d37f104a10a6374a,1fe4b08ebcd07312a181db32eca2e7a1e2b8323f83d6068dc6744eab0f840788,fa55982d486e030d74a495895b3b72699680abad4e783454712ae1f8bb179b38,a85422b84a369233fc1f84dfb53410c264bc31e0ef39a7a3e7c5470a213cf010,0,8,9,True
manki,air.2,kistu,large,0.75,stationary,straight,low,rising,234b9cb6c244f8debee3dcf5e40b87d2afb3f58148f55122d37f104a10a6374a,1fe4b08ebcd07312a181db32eca2e7a1e2b8323f83d6068dc6744eab0f840788,fa55982d486e030d74a495895b3b72699680abad4e783454712ae1f8bb179b38,a85422b84a369233fc1f84dfb53410c264bc31e0ef39a7a3e7c5470a213cf010,0,17,18,True
manki,air.2,kistu,large,0.75,stationary,straight,low,apex,234b9cb6c244f8debee3dcf5e40b87d2afb3f58148f55122d37f104a10a6374a,1fe4b08ebcd07312a181db32eca2e7a1e2b8323f83d6068dc6744eab0f840788,fa55982d486e030d74a495895b3b72699680abad4e783454712ae1f8bb179b38,a85422b84a369233fc1f84dfb53410c264bc31e0ef39a7a3e7c5470a213cf010,18,18,1,True
manki,air.2,kistu,large,0.75,stationary,straight,low,falling,234b9cb6c244f8debee3dcf5e40b87d2afb3f58148f55122d37f104a10a6374a,1fe4b08ebcd07312a181db32eca2e7a1e2b8323f83d6068dc6744eab0f840788,fa55982d486e030d74a495895b3b72699680abad4e783454712ae1f8bb179b38,a85422b84a369233fc1f84dfb53410c264bc31e0ef39a7a3e7c5470a213cf010,19,29,11,True
manki,air.2,kistu,large,0.75,stationary,straight,running,rising,234b9cb6c244f8debee3dcf5e40b87d2afb3f58148f55122d37f104a10a6374a,1fe4b08ebcd07312a181db32eca2e7a1e2b8323f83d6068dc6744eab0f840788,fa55982d486e030d74a495895b3b72699680abad4e783454712ae1f8bb179b38,a85422b84a369233fc1f84dfb53410c264bc31e0ef39a7a3e7c5470a213cf010,0,15,16,True
manki,air.2,kistu,large,1.25,stationary,oblique,running,rising,234b9cb6c244f8debee3dcf5e40b87d2afb3f58148f55122d37f104a10a6374a,1fe4b08ebcd07312a181db32eca2e7a1e2b8323f83d6068dc6744eab0f840788,fa55982d486e030d74a495895b3b72699680abad4e783454712ae1f8bb179b38,a85422b84a369233fc1f84dfb53410c264bc31e0ef39a7a3e7c5470a213cf010,0,15,16,True
manki,air.2,kistu,large,1.25,stationary,straight,running,rising,234b9cb6c244f8debee3dcf5e40b87d2afb3f58148f55122d37f104a10a6374a,1fe4b08ebcd07312a181db32eca2e7a1e2b8323f83d6068dc6744eab0f840788,fa55982d486e030d74a495895b3b72699680abad4e783454712ae1f8bb179b38,a85422b84a369233fc1f84dfb53410c264bc31e0ef39a7a3e7c5470a213cf010,0,15,16,True
manki,air.2,kistu,large,1.75,stationary,oblique,running,rising,234b9cb6c244f8debee3dcf5e40b87d2afb3f58148f55122d37f104a10a6374a,1fe4b08ebcd07312a181db32eca2e7a1e2b8323f83d6068dc6744eab0f840788,fa55982d486e030d74a495895b3b72699680abad4e783454712ae1f8bb179b38,a85422b84a369233fc1f84dfb53410c264bc31e0ef39a7a3e7c5470a213cf010,0,12,13,True
manki,air.2,kistu,large,1.75,stationary,straight,running,rising,234b9cb6c244f8debee3dcf5e40b87d2afb3f58148f55122d37f104a10a6374a,1fe4b08ebcd07312a181db32eca2e7a1e2b8323f83d6068dc6744eab0f840788,fa55982d486e030d74a495895b3b72699680abad4e783454712ae1f8bb179b38,a85422b84a369233fc1f84dfb53410c264bc31e0ef39a7a3e7c5470a213cf010,0,15,16,True
manki,air.2,kistu,large,2.25,stationary,oblique,running,rising,234b9cb6c244f8debee3dcf5e40b87d2afb3f58148f55122d37f104a10a6374a,1fe4b08ebcd07312a181db32eca2e7a1e2b8323f83d6068dc6744eab0f840788,fa55982d486e030d74a495895b3b72699680abad4e783454712ae1f8bb179b38,a85422b84a369233fc1f84dfb53410c264bc31e0ef39a7a3e7c5470a213cf010,0,2,3,True
manki,air.2,kistu,large,2.25,stationary,straight,running,rising,234b9cb6c244f8debee3dcf5e40b87d2afb3f58148f55122d37f104a10a6374a,1fe4b08ebcd07312a181db32eca2e7a1e2b8323f83d6068dc6744eab0f840788,fa55982d486e030d74a495895b3b72699680abad4e783454712ae1f8bb179b38,a85422b84a369233fc1f84dfb53410c264bc31e0ef39a7a3e7c5470a213cf010,0,15,16,True
manki,air.2,manki,small,0.75,stationary,oblique,low,rising,234b9cb6c244f8debee3dcf5e40b87d2afb3f58148f55122d37f104a10a6374a,1fe4b08ebcd07312a181db32eca2e7a1e2b8323f83d6068dc6744eab0f840788,234b9cb6c244f8debee3dcf5e40b87d2afb3f58148f55122d37f104a10a6374a,1fe4b08ebcd07312a181db32eca2e7a1e2b8323f83d6068dc6744eab0f840788,1,17,17,True
manki,air.2,manki,small,0.75,stationary,oblique,low,apex,234b9cb6c244f8debee3dcf5e40b87d2afb3f58148f55122d37f104a10a6374a,1fe4b08ebcd07312a181db32eca2e7a1e2b8323f83d6068dc6744eab0f840788,234b9cb6c244f8debee3dcf5e40b87d2afb3f58148f55122d37f104a10a6374a,1fe4b08ebcd07312a181db32eca2e7a1e2b8323f83d6068dc6744eab0f840788,18,18,1,True
manki,air.2,manki,small,0.75,stationary,oblique,low,falling,234b9cb6c244f8debee3dcf5e40b87d2afb3f58148f55122d37f104a10a6374a,1fe4b08ebcd07312a181db32eca2e7a1e2b8323f83d6068dc6744eab0f840788,234b9cb6c244f8debee3dcf5e40b87d2afb3f58148f55122d37f104a10a6374a,1fe4b08ebcd07312a181db32eca2e7a1e2b8323f83d6068dc6744eab0f840788,19,29,11,True
manki,air.2,manki,small,0.75,stationary,oblique,running,rising,234b9cb6c244f8debee3dcf5e40b87d2afb3f58148f55122d37f104a10a6374a,1fe4b08ebcd07312a181db32eca2e7a1e2b8323f83d6068dc6744eab0f840788,234b9cb6c244f8debee3dcf5e40b87d2afb3f58148f55122d37f104a10a6374a,1fe4b08ebcd07312a181db32eca2e7a1e2b8323f83d6068dc6744eab0f840788,2,4,3,True
manki,air.2,manki,small,0.75,stationary,straight,low,rising,234b9cb6c244f8debee3dcf5e40b87d2afb3f58148f55122d37f104a10a6374a,1fe4b08ebcd07312a181db32eca2e7a1e2b8323f83d6068dc6744eab0f840788,234b9cb6c244f8debee3dcf5e40b87d2afb3f58148f55122d37f104a10a6374a,1fe4b08ebcd07312a181db32eca2e7a1e2b8323f83d6068dc6744eab0f840788,1,17,17,True
manki,air.2,manki,small,0.75,stationary,straight,low,apex,234b9cb6c244f8debee3dcf5e40b87d2afb3f58148f55122d37f104a10a6374a,1fe4b08ebcd07312a181db32eca2e7a1e2b8323f83d6068dc6744eab0f840788,234b9cb6c244f8debee3dcf5e40b87d2afb3f58148f55122d37f104a10a6374a,1fe4b08ebcd07312a181db32eca2e7a1e2b8323f83d6068dc6744eab0f840788,18,18,1,True
manki,air.2,manki,small,0.75,stationary,straight,low,falling,234b9cb6c244f8debee3dcf5e40b87d2afb3f58148f55122d37f104a10a6374a,1fe4b08ebcd07312a181db32eca2e7a1e2b8323f83d6068dc6744eab0f840788,234b9cb6c244f8debee3dcf5e40b87d2afb3f58148f55122d37f104a10a6374a,1fe4b08ebcd07312a181db32eca2e7a1e2b8323f83d6068dc6744eab0f840788,19,29,11,True
manki,air.3,kistu,large,0.75,stationary,oblique,low,rising,234b9cb6c244f8debee3dcf5e40b87d2afb3f58148f55122d37f104a10a6374a,1fe4b08ebcd07312a181db32eca2e7a1e2b8323f83d6068dc6744eab0f840788,fa55982d486e030d74a495895b3b72699680abad4e783454712ae1f8bb179b38,a85422b84a369233fc1f84dfb53410c264bc31e0ef39a7a3e7c5470a213cf010,12,17,6,True
manki,air.3,kistu,large,0.75,stationary,oblique,low,apex,234b9cb6c244f8debee3dcf5e40b87d2afb3f58148f55122d37f104a10a6374a,1fe4b08ebcd07312a181db32eca2e7a1e2b8323f83d6068dc6744eab0f840788,fa55982d486e030d74a495895b3b72699680abad4e783454712ae1f8bb179b38,a85422b84a369233fc1f84dfb53410c264bc31e0ef39a7a3e7c5470a213cf010,18,18,1,True
manki,air.3,kistu,large,0.75,stationary,oblique,low,falling,234b9cb6c244f8debee3dcf5e40b87d2afb3f58148f55122d37f104a10a6374a,1fe4b08ebcd07312a181db32eca2e7a1e2b8323f83d6068dc6744eab0f840788,fa55982d486e030d74a495895b3b72699680abad4e783454712ae1f8bb179b38,a85422b84a369233fc1f84dfb53410c264bc31e0ef39a7a3e7c5470a213cf010,19,22,4,True
manki,air.3,kistu,large,0.75,stationary,straight,low,rising,234b9cb6c244f8debee3dcf5e40b87d2afb3f58148f55122d37f104a10a6374a,1fe4b08ebcd07312a181db32eca2e7a1e2b8323f83d6068dc6744eab0f840788,fa55982d486e030d74a495895b3b72699680abad4e783454712ae1f8bb179b38,a85422b84a369233fc1f84dfb53410c264bc31e0ef39a7a3e7c5470a213cf010,12,17,6,True
manki,air.3,kistu,large,0.75,stationary,straight,low,apex,234b9cb6c244f8debee3dcf5e40b87d2afb3f58148f55122d37f104a10a6374a,1fe4b08ebcd07312a181db32eca2e7a1e2b8323f83d6068dc6744eab0f840788,fa55982d486e030d74a495895b3b72699680abad4e783454712ae1f8bb179b38,a85422b84a369233fc1f84dfb53410c264bc31e0ef39a7a3e7c5470a213cf010,18,18,1,True
manki,air.3,kistu,large,0.75,stationary,straight,low,falling,234b9cb6c244f8debee3dcf5e40b87d2afb3f58148f55122d37f104a10a6374a,1fe4b08ebcd07312a181db32eca2e7a1e2b8323f83d6068dc6744eab0f840788,fa55982d486e030d74a495895b3b72699680abad4e783454712ae1f8bb179b38,a85422b84a369233fc1f84dfb53410c264bc31e0ef39a7a3e7c5470a213cf010,19,22,4,True
manki,air.3,kistu,large,0.75,stationary,straight,running,rising,234b9cb6c244f8debee3dcf5e40b87d2afb3f58148f55122d37f104a10a6374a,1fe4b08ebcd07312a181db32eca2e7a1e2b8323f83d6068dc6744eab0f840788,fa55982d486e030d74a495895b3b72699680abad4e783454712ae1f8bb179b38,a85422b84a369233fc1f84dfb53410c264bc31e0ef39a7a3e7c5470a213cf010,13,15,3,True
manki,air.3,kistu,large,1.25,stationary,oblique,low,falling,234b9cb6c244f8debee3dcf5e40b87d2afb3f58148f55122d37f104a10a6374a,1fe4b08ebcd07312a181db32eca2e7a1e2b8323f83d6068dc6744eab0f840788,fa55982d486e030d74a495895b3b72699680abad4e783454712ae1f8bb179b38,a85422b84a369233fc1f84dfb53410c264bc31e0ef39a7a3e7c5470a213cf010,19,20,2,True
manki,air.3,kistu,large,1.25,stationary,oblique,running,rising,234b9cb6c244f8debee3dcf5e40b87d2afb3f58148f55122d37f104a10a6374a,1fe4b08ebcd07312a181db32eca2e7a1e2b8323f83d6068dc6744eab0f840788,fa55982d486e030d74a495895b3b72699680abad4e783454712ae1f8bb179b38,a85422b84a369233fc1f84dfb53410c264bc31e0ef39a7a3e7c5470a213cf010,11,15,5,True
manki,air.3,kistu,large,1.25,stationary,straight,low,falling,234b9cb6c244f8debee3dcf5e40b87d2afb3f58148f55122d37f104a10a6374a,1fe4b08ebcd07312a181db32eca2e7a1e2b8323f83d6068dc6744eab0f840788,fa55982d486e030d74a495895b3b72699680abad4e783454712ae1f8bb179b38,a85422b84a369233fc1f84dfb53410c264bc31e0ef39a7a3e7c5470a213cf010,19,20,2,True
manki,air.3,kistu,large,1.25,stationary,straight,running,rising,234b9cb6c244f8debee3dcf5e40b87d2afb3f58148f55122d37f104a10a6374a,1fe4b08ebcd07312a181db32eca2e7a1e2b8323f83d6068dc6744eab0f840788,fa55982d486e030d74a495895b3b72699680abad4e783454712ae1f8bb179b38,a85422b84a369233fc1f84dfb53410c264bc31e0ef39a7a3e7c5470a213cf010,13,15,3,True
manki,air.3,kistu,large,1.75,stationary,oblique,running,rising,234b9cb6c244f8debee3dcf5e40b87d2afb3f58148f55122d37f104a10a6374a,1fe4b08ebcd07312a181db32eca2e7a1e2b8323f83d6068dc6744eab0f840788,fa55982d486e030d74a495895b3b72699680abad4e783454712ae1f8bb179b38,a85422b84a369233fc1f84dfb53410c264bc31e0ef39a7a3e7c5470a213cf010,13,14,2,True
manki,air.3,kistu,large,1.75,stationary,straight,running,rising,234b9cb6c244f8debee3dcf5e40b87d2afb3f58148f55122d37f104a10a6374a,1fe4b08ebcd07312a181db32eca2e7a1e2b8323f83d6068dc6744eab0f840788,fa55982d486e030d74a495895b3b72699680abad4e783454712ae1f8bb179b38,a85422b84a369233fc1f84dfb53410c264bc31e0ef39a7a3e7c5470a213cf010,13,15,3,True
manki,air.3,kistu,large,2.25,stationary,straight,running,rising,234b9cb6c244f8debee3dcf5e40b87d2afb3f58148f55122d37f104a10a6374a,1fe4b08ebcd07312a181db32eca2e7a1e2b8323f83d6068dc6744eab0f840788,fa55982d486e030d74a495895b3b72699680abad4e783454712ae1f8bb179b38,a85422b84a369233fc1f84dfb53410c264bc31e0ef39a7a3e7c5470a213cf010,13,15,3,True
manki,air.3,manki,small,0.75,stationary,oblique,low,rising,234b9cb6c244f8debee3dcf5e40b87d2afb3f58148f55122d37f104a10a6374a,1fe4b08ebcd07312a181db32eca2e7a1e2b8323f83d6068dc6744eab0f840788,234b9cb6c244f8debee3dcf5e40b87d2afb3f58148f55122d37f104a10a6374a,1fe4b08ebcd07312a181db32eca2e7a1e2b8323f83d6068dc6744eab0f840788,16,17,2,True
manki,air.3,manki,small,0.75,stationary,oblique,low,apex,234b9cb6c244f8debee3dcf5e40b87d2afb3f58148f55122d37f104a10a6374a,1fe4b08ebcd07312a181db32eca2e7a1e2b8323f83d6068dc6744eab0f840788,234b9cb6c244f8debee3dcf5e40b87d2afb3f58148f55122d37f104a10a6374a,1fe4b08ebcd07312a181db32eca2e7a1e2b8323f83d6068dc6744eab0f840788,18,18,1,True
manki,air.3,manki,small,0.75,stationary,oblique,low,falling,234b9cb6c244f8debee3dcf5e40b87d2afb3f58148f55122d37f104a10a6374a,1fe4b08ebcd07312a181db32eca2e7a1e2b8323f83d6068dc6744eab0f840788,234b9cb6c244f8debee3dcf5e40b87d2afb3f58148f55122d37f104a10a6374a,1fe4b08ebcd07312a181db32eca2e7a1e2b8323f83d6068dc6744eab0f840788,19,22,4,True
manki,air.3,manki,small,0.75,stationary,straight,low,rising,234b9cb6c244f8debee3dcf5e40b87d2afb3f58148f55122d37f104a10a6374a,1fe4b08ebcd07312a181db32eca2e7a1e2b8323f83d6068dc6744eab0f840788,234b9cb6c244f8debee3dcf5e40b87d2afb3f58148f55122d37f104a10a6374a,1fe4b08ebcd07312a181db32eca2e7a1e2b8323f83d6068dc6744eab0f840788,16,17,2,True
manki,air.3,manki,small,0.75,stationary,straight,low,apex,234b9cb6c244f8debee3dcf5e40b87d2afb3f58148f55122d37f104a10a6374a,1fe4b08ebcd07312a181db32eca2e7a1e2b8323f83d6068dc6744eab0f840788,234b9cb6c244f8debee3dcf5e40b87d2afb3f58148f55122d37f104a10a6374a,1fe4b08ebcd07312a181db32eca2e7a1e2b8323f83d6068dc6744eab0f840788,18,18,1,True
manki,air.3,manki,small,0.75,stationary,straight,low,falling,234b9cb6c244f8debee3dcf5e40b87d2afb3f58148f55122d37f104a10a6374a,1fe4b08ebcd07312a181db32eca2e7a1e2b8323f83d6068dc6744eab0f840788,234b9cb6c244f8debee3dcf5e40b87d2afb3f58148f55122d37f104a10a6374a,1fe4b08ebcd07312a181db32eca2e7a1e2b8323f83d6068dc6744eab0f840788,19,22,4,True
manki,air.4,kistu,large,0.75,stationary,oblique,low,rising,234b9cb6c244f8debee3dcf5e40b87d2afb3f58148f55122d37f104a10a6374a,1fe4b08ebcd07312a181db32eca2e7a1e2b8323f83d6068dc6744eab0f840788,fa55982d486e030d74a495895b3b72699680abad4e783454712ae1f8bb179b38,a85422b84a369233fc1f84dfb53410c264bc31e0ef39a7a3e7c5470a213cf010,5,14,10,True
manki,air.4,kistu,large,0.75,stationary,oblique,running,rising,234b9cb6c244f8debee3dcf5e40b87d2afb3f58148f55122d37f104a10a6374a,1fe4b08ebcd07312a181db32eca2e7a1e2b8323f83d6068dc6744eab0f840788,fa55982d486e030d74a495895b3b72699680abad4e783454712ae1f8bb179b38,a85422b84a369233fc1f84dfb53410c264bc31e0ef39a7a3e7c5470a213cf010,5,6,2,True
manki,air.4,kistu,large,0.75,stationary,straight,low,rising,234b9cb6c244f8debee3dcf5e40b87d2afb3f58148f55122d37f104a10a6374a,1fe4b08ebcd07312a181db32eca2e7a1e2b8323f83d6068dc6744eab0f840788,fa55982d486e030d74a495895b3b72699680abad4e783454712ae1f8bb179b38,a85422b84a369233fc1f84dfb53410c264bc31e0ef39a7a3e7c5470a213cf010,5,14,10,True
manki,air.4,kistu,large,0.75,stationary,straight,running,rising,234b9cb6c244f8debee3dcf5e40b87d2afb3f58148f55122d37f104a10a6374a,1fe4b08ebcd07312a181db32eca2e7a1e2b8323f83d6068dc6744eab0f840788,fa55982d486e030d74a495895b3b72699680abad4e783454712ae1f8bb179b38,a85422b84a369233fc1f84dfb53410c264bc31e0ef39a7a3e7c5470a213cf010,4,15,12,True
manki,air.4,kistu,large,1.25,stationary,oblique,running,rising,234b9cb6c244f8debee3dcf5e40b87d2afb3f58148f55122d37f104a10a6374a,1fe4b08ebcd07312a181db32eca2e7a1e2b8323f83d6068dc6744eab0f840788,fa55982d486e030d74a495895b3b72699680abad4e783454712ae1f8bb179b38,a85422b84a369233fc1f84dfb53410c264bc31e0ef39a7a3e7c5470a213cf010,5,11,7,True
manki,air.4,kistu,large,1.25,stationary,straight,running,rising,234b9cb6c244f8debee3dcf5e40b87d2afb3f58148f55122d37f104a10a6374a,1fe4b08ebcd07312a181db32eca2e7a1e2b8323f83d6068dc6744eab0f840788,fa55982d486e030d74a495895b3b72699680abad4e783454712ae1f8bb179b38,a85422b84a369233fc1f84dfb53410c264bc31e0ef39a7a3e7c5470a213cf010,4,15,12,True
manki,air.4,kistu,large,1.75,stationary,straight,running,rising,234b9cb6c244f8debee3dcf5e40b87d2afb3f58148f55122d37f104a10a6374a,1fe4b08ebcd07312a181db32eca2e7a1e2b8323f83d6068dc6744eab0f840788,fa55982d486e030d74a495895b3b72699680abad4e783454712ae1f8bb179b38,a85422b84a369233fc1f84dfb53410c264bc31e0ef39a7a3e7c5470a213cf010,4,15,12,True
manki,air.4,kistu,large,2.25,stationary,straight,running,rising,234b9cb6c244f8debee3dcf5e40b87d2afb3f58148f55122d37f104a10a6374a,1fe4b08ebcd07312a181db32eca2e7a1e2b8323f83d6068dc6744eab0f840788,fa55982d486e030d74a495895b3b72699680abad4e783454712ae1f8bb179b38,a85422b84a369233fc1f84dfb53410c264bc31e0ef39a7a3e7c5470a213cf010,4,15,12,True
manki,air.4,manki,small,0.75,stationary,oblique,low,rising,234b9cb6c244f8debee3dcf5e40b87d2afb3f58148f55122d37f104a10a6374a,1fe4b08ebcd07312a181db32eca2e7a1e2b8323f83d6068dc6744eab0f840788,234b9cb6c244f8debee3dcf5e40b87d2afb3f58148f55122d37f104a10a6374a,1fe4b08ebcd07312a181db32eca2e7a1e2b8323f83d6068dc6744eab0f840788,8,11,4,True
manki,air.4,manki,small,0.75,stationary,straight,low,rising,234b9cb6c244f8debee3dcf5e40b87d2afb3f58148f55122d37f104a10a6374a,1fe4b08ebcd07312a181db32eca2e7a1e2b8323f83d6068dc6744eab0f840788,234b9cb6c244f8debee3dcf5e40b87d2afb3f58148f55122d37f104a10a6374a,1fe4b08ebcd07312a181db32eca2e7a1e2b8323f83d6068dc6744eab0f840788,8,11,4,True
